/*
SQLyog Ultimate v12.5.1 (64 bit)
MySQL - 8.0.30 : Database - latihan_sql
*********************************************************************
*/

/*!40101 SET NAMES utf8 */;

/*!40101 SET SQL_MODE=''*/;

/*!40014 SET @OLD_UNIQUE_CHECKS=@@UNIQUE_CHECKS, UNIQUE_CHECKS=0 */;
/*!40014 SET @OLD_FOREIGN_KEY_CHECKS=@@FOREIGN_KEY_CHECKS, FOREIGN_KEY_CHECKS=0 */;
/*!40101 SET @OLD_SQL_MODE=@@SQL_MODE, SQL_MODE='NO_AUTO_VALUE_ON_ZERO' */;
/*!40111 SET @OLD_SQL_NOTES=@@SQL_NOTES, SQL_NOTES=0 */;
CREATE DATABASE /*!32312 IF NOT EXISTS*/`latihan_sql` /*!40100 DEFAULT CHARACTER SET utf8mb4 COLLATE utf8mb4_0900_ai_ci */ /*!80016 DEFAULT ENCRYPTION='N' */;

USE `latihan_sql`;

/*Table structure for table `buku` */

DROP TABLE IF EXISTS `buku`;

CREATE TABLE `buku` (
  `id_buku` int NOT NULL AUTO_INCREMENT,
  `nama_buku` varchar(255) NOT NULL,
  `harga_buku` int NOT NULL,
  PRIMARY KEY (`id_buku`),
  UNIQUE KEY `nama_buku` (`nama_buku`)
) ENGINE=InnoDB AUTO_INCREMENT=101 DEFAULT CHARSET=utf8mb4 COLLATE=utf8mb4_0900_ai_ci;

/*Data for the table `buku` */

insert  into `buku`(`id_buku`,`nama_buku`,`harga_buku`) values 
(1,'Life Stinks',19688),
(2,'Wild Orchid',21417),
(3,'Downtown',28693),
(4,'Bachelor Weekend, The',26572),
(5,'Live Flesh (Carne trémula)',5680),
(6,'Berberian Sound Studio',7535),
(7,'Martyrs',17920),
(8,'Brian\'s Song',22799),
(9,'Devil Inside, The',12403),
(10,'Send a Bullet (Manda Bala)',23934),
(11,'Beast, The',24560),
(12,'Aquamarine',11517),
(13,'Electronic Labyrinth THX 1138 4EB',18880),
(14,'Tiger Eyes',16729),
(15,'Boyz N the Hood',14974),
(16,'Hansel & Gretel: Witch Hunters',15257),
(17,'Iron Sky',9658),
(18,'Dillinger and Capone',12214),
(19,'Omen IV: The Awakening',21118),
(20,'Wings',12828),
(21,'Amongst Friends',7769),
(22,'American Affair, An',5274),
(23,'As Good as It Gets',9787),
(24,'It Happened at the World\'s Fair',8302),
(25,'Deep in the Woods (Promenons-nous dans les bois)',7337),
(26,'Freedom Writers',10335),
(27,'Locke',13335),
(28,'Piranha',23156),
(29,'Sheep Has Five Legs, The (Le mouton à cinq pattes)',20623),
(30,'Dolly Sisters, The',18116),
(31,'Town That Dreaded Sundown, The',18471),
(32,'Date Movie',27838),
(33,'C.H.U.D. II - Bud the Chud',23348),
(34,'In Cold Blood',19214),
(35,'Things We Do For Love (Kaikella rakkaudella)',6562),
(36,'Big Man Japan (Dai-Nihonjin)',27796),
(37,'Saving Lincoln',26662),
(38,'Star Trek: First Contact',7404),
(39,'Symphonie pastorale, La',7983),
(40,'Mermaid, The (Rusalka)',25768),
(41,'Gold Diggers: The Secret of Bear Mountain',29023),
(42,'Indiscretion of an American Wife (a.k.a. Terminal Station) (Stazione Termini)',27274),
(43,'Girl with the Red Scarf, The (Selvi boylum, al yazmalim)',22359),
(44,'Percy Jackson & the Olympians: The Lightning Thief',22157),
(45,'Quality Street',8384),
(46,'Something New',12406),
(47,'Woman\'s Secret, A',11729),
(48,'Batman: The Dark Knight Returns, Part 1',20645),
(49,'Saw VII 3D - The Final Chapter',27466),
(50,'Bon Voyage, Charlie Brown (and Don\'t Come Back!)',7083),
(51,'Fearless Hyena, The (Xiao quan guai zhao)',24658),
(52,'Chelsea Walls',12672),
(53,'Joy Division',29847),
(54,'Copper Mountain',22367),
(55,'Zatoichi\'s Flashing Sword (Zatôichi abare tako) (Zatôichi 7)',6973),
(56,'The great match',14848),
(57,'Where a Good Man Goes (Joi gin a long)',13688),
(58,'For Greater Glory: The True Story of Cristiada',7983),
(59,'Hunger, The',13324),
(60,'Lady Dragon',26123),
(61,'B.N.B. (Bunty Aur Babli)',9608),
(62,'Le ultime ore di una vergine',25497),
(63,'Distant Voices, Still Lives',29255),
(64,'Breaking the Silence: Truth and Lies in the War on Terror',22973),
(65,'Sidekicks',14615),
(66,'Fire with Fire',8199),
(67,'Crow, The',7254),
(68,'Blue Juice',18738),
(69,'Company Men, The',27195),
(70,'Every Girl Should Be Married',24678),
(71,'Flesh',20344),
(72,'Hatari!',11129),
(73,'Expelled: No Intelligence Allowed',7815),
(74,'Miss Meadows',19323),
(75,'Headhunters (Hodejegerne)',22982),
(76,'Perfect Candidate, A',16419),
(77,'Scream 4',11335),
(78,'Faust',9165),
(79,'Love Sick Love',15223),
(80,'Rhyme & Reason',17745),
(81,'Innerspace',9334),
(82,'Summer of Fear',27661),
(83,'Hop',26764),
(84,'Runaway Jury',28661),
(85,'Under Siege 2: Dark Territory',22640),
(86,'Blackout',24693),
(87,'March of the Penguins (Marche de l\'empereur, La)',11243),
(88,'Ginger and Fred (Ginger e Fred)',8923),
(89,'Something Wild',7605),
(90,'Belly',19223),
(91,'Bravo Two Zero ',17379),
(92,'Cobweb, The',12288),
(93,'Night of the Generals, The',16869),
(94,'Play',7437),
(95,'Psycho II',23875),
(96,'Lupin the 3rd',5194),
(97,'Jackass 3D',28777),
(98,'Doctor, The',24185),
(99,'Nico Icon',8333),
(100,'Veer Zaara',9773);

/*Table structure for table `buku_penulis` */

DROP TABLE IF EXISTS `buku_penulis`;

CREATE TABLE `buku_penulis` (
  `id_buku` int NOT NULL,
  `id_penulis` int NOT NULL
) ENGINE=InnoDB DEFAULT CHARSET=utf8mb4 COLLATE=utf8mb4_0900_ai_ci;

/*Data for the table `buku_penulis` */

insert  into `buku_penulis`(`id_buku`,`id_penulis`) values 
(1,2),
(1,858),
(2,415),
(3,594),
(4,825),
(5,711),
(6,280),
(7,540),
(8,238),
(9,588),
(10,432),
(11,213),
(12,273),
(13,435),
(14,196),
(15,549),
(16,576),
(17,33),
(18,367),
(19,186),
(20,323),
(21,716),
(22,792),
(23,811),
(24,185),
(25,689),
(26,253),
(27,280),
(28,757),
(29,736),
(30,16),
(31,650),
(32,593),
(33,844),
(34,347),
(35,111),
(36,699),
(37,332),
(38,812),
(39,316),
(40,233),
(41,856),
(42,630),
(43,663),
(44,477),
(45,27),
(46,887),
(47,211),
(48,736),
(49,580),
(50,102),
(51,881),
(52,47),
(53,539),
(54,359),
(55,591),
(56,696),
(57,767),
(58,271),
(59,891),
(60,891),
(61,548),
(62,217),
(63,240),
(64,786),
(65,657),
(66,683),
(67,358),
(68,40),
(69,13),
(70,143),
(71,236),
(72,846),
(73,239),
(74,304),
(75,875),
(76,826),
(77,129),
(78,377),
(79,218),
(80,622),
(81,123),
(82,42),
(83,533),
(84,848),
(85,883),
(86,366),
(87,844),
(88,347),
(89,116),
(90,27),
(91,662),
(92,48),
(93,377),
(94,371),
(95,398),
(96,298),
(97,663),
(98,36),
(99,675),
(100,329),
(38,570),
(43,253),
(52,282),
(93,760),
(42,898),
(8,49),
(50,735),
(63,670),
(46,777),
(30,565),
(52,239),
(26,785),
(68,19),
(70,482),
(26,162),
(36,895),
(57,296),
(88,325),
(82,826),
(81,551),
(98,136),
(37,636),
(35,130),
(73,788),
(24,709),
(53,470),
(76,662),
(59,55),
(85,785),
(15,418),
(97,349),
(99,771),
(13,847),
(61,55),
(31,46),
(44,418),
(6,743),
(43,175),
(21,769),
(1,512),
(53,604),
(79,512),
(48,828),
(52,764),
(72,539),
(35,446),
(24,278),
(49,173),
(49,895),
(98,109),
(42,699),
(84,759),
(94,566),
(21,119),
(26,226),
(23,630),
(93,172),
(31,536),
(90,659),
(30,642),
(22,887),
(81,9),
(99,447),
(59,317),
(17,42),
(78,839),
(72,117),
(88,747),
(66,32),
(97,561),
(12,295),
(21,690),
(77,661),
(12,46),
(88,754),
(67,149),
(82,46),
(48,834),
(59,201),
(59,182),
(8,355),
(6,672),
(33,208),
(86,383),
(51,41),
(34,116),
(95,171),
(24,303),
(14,627),
(77,326),
(6,40),
(66,565),
(46,878),
(72,346),
(16,863),
(19,290),
(42,495),
(72,209),
(38,216),
(96,180);

/*Table structure for table `kendaraan` */

DROP TABLE IF EXISTS `kendaraan`;

CREATE TABLE `kendaraan` (
  `id_kendaraan` int NOT NULL AUTO_INCREMENT,
  `id_pemilik` int NOT NULL,
  `kendaraan` varchar(255) NOT NULL,
  `merek` varchar(80) CHARACTER SET utf8mb4 COLLATE utf8mb4_0900_ai_ci NOT NULL,
  PRIMARY KEY (`id_kendaraan`)
) ENGINE=InnoDB AUTO_INCREMENT=1401 DEFAULT CHARSET=utf8mb4 COLLATE=utf8mb4_0900_ai_ci;

/*Data for the table `kendaraan` */

insert  into `kendaraan`(`id_kendaraan`,`id_pemilik`,`kendaraan`,`merek`) values 
(1,89,'7 Series','BMW'),
(2,519,'Insight','Honda'),
(3,218,'DeVille','Cadillac'),
(4,475,'Sonata','Hyundai'),
(5,331,'Escort','Ford'),
(6,877,'4Runner','Toyota'),
(7,884,'Rogue','Nissan'),
(8,66,'Safari','GMC'),
(9,498,'Z4 M Roadster','BMW'),
(10,635,'Corvette','Chevrolet'),
(11,790,'525','BMW'),
(12,398,'Sonata','Hyundai'),
(13,414,'Savana 1500','GMC'),
(14,557,'XG300','Hyundai'),
(15,847,'RDX','Acura'),
(16,600,'Prius','Toyota'),
(17,242,'G','Infiniti'),
(18,66,'Viper','Dodge'),
(19,746,'Quattroporte','Maserati'),
(20,373,'Sonata','Hyundai'),
(21,109,'Park Avenue','Buick'),
(22,201,'Murano','Nissan'),
(23,152,'Tribute','Mazda'),
(24,653,'Z8','BMW'),
(25,415,'Envoy XL','GMC'),
(26,477,'Beretta','Chevrolet'),
(27,140,'H3T','Hummer'),
(28,294,'Mustang','Ford'),
(29,86,'SL-Class','Mercedes-Benz'),
(30,273,'Mirage','Mitsubishi'),
(31,719,'Xterra','Nissan'),
(32,803,'CL','Acura'),
(33,451,'Pajero','Mitsubishi'),
(34,380,'Safari','GMC'),
(35,347,'Grand Prix','Pontiac'),
(36,588,'Optima','Kia'),
(37,458,'Grand Caravan','Dodge'),
(38,155,'Fury','Plymouth'),
(39,807,'MX-5','Mazda'),
(40,756,'Camaro','Chevrolet'),
(41,752,'Mountaineer','Mercury'),
(42,756,'Savana 1500','GMC'),
(43,306,'Tracer','Mercury'),
(44,786,'I','Infiniti'),
(45,439,'Navigator','Lincoln'),
(46,806,'Q','Infiniti'),
(47,598,'Sephia','Kia'),
(48,531,'Esprit','Lotus'),
(49,47,'Ram Van 2500','Dodge'),
(50,318,'CL','Acura'),
(51,309,'Silhouette','Oldsmobile'),
(52,278,'Vantage','Aston Martin'),
(53,126,'TT','Audi'),
(54,526,'Cabriolet','Volkswagen'),
(55,445,'C70','Volvo'),
(56,796,'Excel','Mitsubishi'),
(57,674,'GS','Lexus'),
(58,59,'Reno','Suzuki'),
(59,762,'V8 Vantage','Aston Martin'),
(60,230,'Catera','Cadillac'),
(61,642,'RVR','Mitsubishi'),
(62,656,'Suburban 1500','Chevrolet'),
(63,823,'ES','Lexus'),
(64,751,'X5','BMW'),
(65,318,'SLR McLaren','Mercedes-Benz'),
(66,174,'Ridgeline','Honda'),
(67,311,'Passat','Volkswagen'),
(68,286,'RX-7','Mazda'),
(69,322,'300','Chrysler'),
(70,339,'Miata MX-5','Mazda'),
(71,62,'RX','Lexus'),
(72,274,'XJ','Jaguar'),
(73,638,'Ram Van B150','Dodge'),
(74,270,'Soul','Kia'),
(75,735,'Esprit','Lotus'),
(76,807,'Bonneville','Pontiac'),
(77,546,'Protege','Mazda'),
(78,501,'Regal','Buick'),
(79,95,'rio','Volkswagen'),
(80,545,'Karif','Maserati'),
(81,775,'Thunderbird','Ford'),
(82,270,'S5','Audi'),
(83,33,'Forte','Kia'),
(84,459,'C8 Double 12 S','Spyker'),
(85,104,'F150','Ford'),
(86,752,'T100','Toyota'),
(87,494,'Passat','Volkswagen'),
(88,314,'300ZX','Nissan'),
(89,135,'Type-1h','Aptera'),
(90,800,'Leone','Subaru'),
(91,216,'Mazda3','Mazda'),
(92,828,'928','Porsche'),
(93,411,'MKS','Lincoln'),
(94,65,'Montero','Mitsubishi'),
(95,431,'E250','Ford'),
(96,732,'Spectra','Kia'),
(97,296,'Expedition','Ford'),
(98,119,'MR2','Toyota'),
(99,639,'Murano','Nissan'),
(100,388,'Spyder','Maserati'),
(101,512,'6000','Pontiac'),
(102,753,'Express 2500','Chevrolet'),
(103,555,'Volt','Chevrolet'),
(104,725,'9000','Saab'),
(105,580,'GS','Lexus'),
(106,647,'Sable','Mercury'),
(107,138,'Swift','Suzuki'),
(108,779,'Outlander Sport','Mitsubishi'),
(109,589,'Town & Country','Chrysler'),
(110,165,'Countach','Lamborghini'),
(111,248,'CR-V','Honda'),
(112,592,'Firebird','Pontiac'),
(113,468,'Phantom','Rolls-Royce'),
(114,743,'NSX','Acura'),
(115,122,'Esprit','Lotus'),
(116,128,'Mustang','Ford'),
(117,323,'Sierra 2500','GMC'),
(118,436,'LX','Lexus'),
(119,618,'Evora','Lotus'),
(120,177,'Charger','Dodge'),
(121,121,'Suburban','Chevrolet'),
(122,494,'Camaro','Chevrolet'),
(123,51,'3 Series','BMW'),
(124,820,'Z3','BMW'),
(125,882,'Grand Prix','Pontiac'),
(126,637,'SL-Class','Mercedes-Benz'),
(127,611,'Torrent','Pontiac'),
(128,351,'Courier','Ford'),
(129,300,'Avanti','Studebaker'),
(130,4,'928','Porsche'),
(131,752,'2500 Club Coupe','GMC'),
(132,418,'Swift','Suzuki'),
(133,74,'9-4X','Saab'),
(134,732,'Savana 1500','GMC'),
(135,617,'Sequoia','Toyota'),
(136,261,'TT','Audi'),
(137,847,'Titan','Nissan'),
(138,561,'XC90','Volvo'),
(139,895,'Sienna','Toyota'),
(140,416,'Suburban 2500','Chevrolet'),
(141,211,'XT','Subaru'),
(142,457,'Axiom','Isuzu'),
(143,242,'Seville','Cadillac'),
(144,524,'G-Class','Mercedes-Benz'),
(145,501,'Tracer','Mercury'),
(146,620,'Silverado 1500','Chevrolet'),
(147,269,'300M','Chrysler'),
(148,145,'Quattroporte','Maserati'),
(149,249,'DeVille','Cadillac'),
(150,132,'911','Porsche'),
(151,520,'F150','Ford'),
(152,144,'Caliber','Dodge'),
(153,18,'MDX','Acura'),
(154,77,'Quest','Nissan'),
(155,328,'Borrego','Kia'),
(156,62,'Trooper','Isuzu'),
(157,354,'TrailBlazer','Chevrolet'),
(158,800,'Fleetwood','Cadillac'),
(159,834,'Cougar','Mercury'),
(160,352,'H1','Hummer'),
(161,26,'Courier','Ford'),
(162,280,'Escape','Ford'),
(163,741,'8 Series','BMW'),
(164,195,'Cherokee','Jeep'),
(165,585,'Neon','Dodge'),
(166,495,'9-7X','Saab'),
(167,266,'Matrix','Toyota'),
(168,36,'626','Mazda'),
(169,574,'Volt','Chevrolet'),
(170,121,'SX4','Suzuki'),
(171,197,'S5','Audi'),
(172,146,'Skylark','Buick'),
(173,708,'LX','Lexus'),
(174,455,'Vision','Eagle'),
(175,391,'M-Class','Mercedes-Benz'),
(176,890,'Alcyone SVX','Subaru'),
(177,460,'HHR','Chevrolet'),
(178,77,'RX-8','Mazda'),
(179,121,'Arnage','Bentley'),
(180,554,'Equator','Suzuki'),
(181,247,'Grand Prix','Pontiac'),
(182,753,'i-Series','Isuzu'),
(183,330,'MDX','Acura'),
(184,60,'Fortwo','Smart'),
(185,811,'Civic','Honda'),
(186,24,'MR2','Toyota'),
(187,684,'Excursion','Ford'),
(188,318,'Aerio','Suzuki'),
(189,737,'ZDX','Acura'),
(190,24,'Ram 2500','Dodge'),
(191,497,'LTD Crown Victoria','Ford'),
(192,250,'Silverado 1500','Chevrolet'),
(193,361,'C-Class','Mercedes-Benz'),
(194,414,'Tahoe','Chevrolet'),
(195,392,'Tundra','Toyota'),
(196,275,'Corolla','Toyota'),
(197,855,'Continental','Lincoln'),
(198,251,'XC70','Volvo'),
(199,475,'Expedition','Ford'),
(200,417,'Continental Super','Bentley'),
(201,693,'Neon','Dodge'),
(202,125,'Vibe','Pontiac'),
(203,529,'Azera','Hyundai'),
(204,666,'Tucson','Hyundai'),
(205,270,'GS','Lexus'),
(206,538,'Town Car','Lincoln'),
(207,246,'MKS','Lincoln'),
(208,81,'Odyssey','Honda'),
(209,477,'Charger','Dodge'),
(210,589,'3000GT','Mitsubishi'),
(211,57,'Grand Prix','Pontiac'),
(212,13,'Corolla','Toyota'),
(213,475,'Silverado 1500','Chevrolet'),
(214,818,'RAV4','Toyota'),
(215,388,'Sportage','Kia'),
(216,452,'T100 Xtra','Toyota'),
(217,446,'M6','BMW'),
(218,154,'Odyssey','Honda'),
(219,711,'Savana 2500','GMC'),
(220,537,'Yukon','GMC'),
(221,584,'SVX','Subaru'),
(222,416,'X5','BMW'),
(223,764,'Mark VIII','Lincoln'),
(224,16,'HED-5','Hyundai'),
(225,405,'LS','Lincoln'),
(226,870,'Impreza WRX','Subaru'),
(227,703,'Pathfinder Armada','Nissan'),
(228,112,'9-3','Saab'),
(229,392,'Impala','Chevrolet'),
(230,360,'Sienna','Toyota'),
(231,740,'Fleetwood','Cadillac'),
(232,419,'Skylark','Buick'),
(233,847,'Regency','Oldsmobile'),
(234,288,'DeVille','Cadillac'),
(235,596,'Astro','Chevrolet'),
(236,658,'4Runner','Toyota'),
(237,96,'Legacy','Subaru'),
(238,646,'Z3','BMW'),
(239,753,'W201','Mercedes-Benz'),
(240,25,'Outlander','Mitsubishi'),
(241,585,'5 Series','BMW'),
(242,73,'S10','Chevrolet'),
(243,417,'9000','Saab'),
(244,635,'Elantra','Hyundai'),
(245,202,'G','Infiniti'),
(246,507,'98','Oldsmobile'),
(247,642,'Sebring','Chrysler'),
(248,508,'Explorer','Ford'),
(249,745,'Sentra','Nissan'),
(250,602,'Ram 3500','Dodge'),
(251,208,'2CV','Citroën'),
(252,208,'62','Maybach'),
(253,141,'Explorer','Ford'),
(254,550,'Spirit','Dodge'),
(255,416,'928','Porsche'),
(256,279,'760','BMW'),
(257,108,'Express','Chevrolet'),
(258,161,'Passat','Volkswagen'),
(259,195,'599 GTB Fiorano','Ferrari'),
(260,304,'Navigator L','Lincoln'),
(261,779,'Focus','Ford'),
(262,77,'Allroad','Audi'),
(263,8,'3500','GMC'),
(264,531,'Savana','GMC'),
(265,56,'911','Porsche'),
(266,456,'Viper','Dodge'),
(267,92,'Ram 2500','Dodge'),
(268,884,'Grand Prix','Pontiac'),
(269,897,'F-250 Super Duty','Ford'),
(270,258,'Commander','Jeep'),
(271,249,'Jetta','Volkswagen'),
(272,486,'Grand Cherokee','Jeep'),
(273,624,'Countach','Lamborghini'),
(274,154,'Yukon XL 2500','GMC'),
(275,121,'RX Hybrid','Lexus'),
(276,766,'Silverado 2500','Chevrolet'),
(277,161,'Pajero','Mitsubishi'),
(278,742,'Land Cruiser','Toyota'),
(279,826,'Pajero','Mitsubishi'),
(280,883,'3500','Ram'),
(281,182,'B-Series Plus','Mazda'),
(282,680,'G-Series G30','Chevrolet'),
(283,573,'Caliber','Dodge'),
(284,859,'Matrix','Toyota'),
(285,155,'LeSabre','Buick'),
(286,589,'Navigator','Lincoln'),
(287,824,'Galant','Mitsubishi'),
(288,250,'Grand Cherokee','Jeep'),
(289,835,'Ram Wagon B150','Dodge'),
(290,156,'MX-3','Mazda'),
(291,19,'Pajero','Mitsubishi'),
(292,472,'Outback','Subaru'),
(293,119,'Sunfire','Pontiac'),
(294,378,'Sunbird','Pontiac'),
(295,55,'Silhouette','Oldsmobile'),
(296,796,'Rodeo Sport','Isuzu'),
(297,164,'Mini Cooper','Austin'),
(298,725,'Lumina APV','Chevrolet'),
(299,686,'Grand Cherokee','Jeep'),
(300,511,'Touareg','Volkswagen'),
(301,809,'E150','Ford'),
(302,397,'SLK-Class','Mercedes-Benz'),
(303,750,'Rogue','Nissan'),
(304,103,'Grand Prix','Pontiac'),
(305,308,'Ram 1500','Dodge'),
(306,622,'Mustang','Ford'),
(307,622,'Scirocco','Volkswagen'),
(308,223,'Shadow','Dodge'),
(309,669,'Gallardo','Lamborghini'),
(310,865,'Thunderbird','Ford'),
(311,158,'Mountaineer','Mercury'),
(312,841,'Gallardo','Lamborghini'),
(313,680,'Malibu','Chevrolet'),
(314,695,'B-Series','Mazda'),
(315,381,'SX4','Suzuki'),
(316,128,'F250','Ford'),
(317,267,'Grand Marquis','Mercury'),
(318,94,'Excel','Mitsubishi'),
(319,716,'Fury','Plymouth'),
(320,344,'530','BMW'),
(321,846,'Ram 2500 Club','Dodge'),
(322,254,'3 Series','BMW'),
(323,329,'Neon','Dodge'),
(324,638,'Outback','Subaru'),
(325,568,'Diablo','Lamborghini'),
(326,653,'Golf III','Volkswagen'),
(327,200,'F-Series','Ford'),
(328,33,'599 GTB Fiorano','Ferrari'),
(329,400,'Versa','Nissan'),
(330,404,'M-Class','Mercedes-Benz'),
(331,465,'Legacy','Subaru'),
(332,665,'Touareg','Volkswagen'),
(333,525,'Odyssey','Honda'),
(334,280,'Express 2500','Chevrolet'),
(335,883,'Grand Caravan','Dodge'),
(336,858,'Taurus','Ford'),
(337,667,'Sunbird','Pontiac'),
(338,119,'A6','Audi'),
(339,391,'Corvette','Chevrolet'),
(340,401,'Prowler','Plymouth'),
(341,745,'Ranger','Ford'),
(342,788,'Caravan','Dodge'),
(343,444,'Festiva','Ford'),
(344,226,'Datsun/Nissan Z-car','Nissan'),
(345,420,'Previa','Toyota'),
(346,307,'S-Type','Jaguar'),
(347,316,'3 Series','BMW'),
(348,204,'1500','GMC'),
(349,431,'Challenger','Dodge'),
(350,753,'Swift','Suzuki'),
(351,220,'745','BMW'),
(352,679,'Altima','Nissan'),
(353,775,'Cooper Clubman','MINI'),
(354,762,'Pathfinder','Nissan'),
(355,279,'Bravada','Oldsmobile'),
(356,298,'A6','Audi'),
(357,511,'Montero','Mitsubishi'),
(358,477,'Sonata','Hyundai'),
(359,396,'Town Car','Lincoln'),
(360,484,'xD','Scion'),
(361,393,'Jimmy','GMC'),
(362,422,'Century','Buick'),
(363,153,'Ram 1500 Club','Dodge'),
(364,884,'Escalade','Cadillac'),
(365,364,'Cavalier','Chevrolet'),
(366,438,'Park Avenue','Buick'),
(367,526,'CLK-Class','Mercedes-Benz'),
(368,476,'B-Series','Mazda'),
(369,823,'Regal','Buick'),
(370,239,'Park Avenue','Buick'),
(371,386,'Sequoia','Toyota'),
(372,412,'Mark VIII','Lincoln'),
(373,47,'Discovery','Land Rover'),
(374,690,'Chariot','Mitsubishi'),
(375,601,'98','Oldsmobile'),
(376,205,'Crown Victoria','Ford'),
(377,429,'S10','Chevrolet'),
(378,17,'Passat','Volkswagen'),
(379,356,'F-Series','Ford'),
(380,813,'Accent','Hyundai'),
(381,388,'Neon','Plymouth'),
(382,678,'Liberty','Jeep'),
(383,234,'Club Wagon','Ford'),
(384,498,'Suburban','Chevrolet'),
(385,307,'Golf','Volkswagen'),
(386,187,'A4','Audi'),
(387,868,'Sonata','Hyundai'),
(388,363,'Avenger','Dodge'),
(389,449,'Clubman','MINI'),
(390,528,'Diamante','Mitsubishi'),
(391,254,'Highlander','Toyota'),
(392,612,'M6','BMW'),
(393,511,'Civic','Honda'),
(394,170,'E-Class','Mercedes-Benz'),
(395,290,'Outback','Subaru'),
(396,456,'SJ 410','Suzuki'),
(397,692,'A8','Audi'),
(398,285,'Fortwo','Smart'),
(399,799,'Cougar','Mercury'),
(400,260,'Sonata','Hyundai'),
(401,267,'Camry Solara','Toyota'),
(402,124,'Grand Prix','Pontiac'),
(403,313,'Matrix','Toyota'),
(404,271,'Intrepid','Dodge'),
(405,43,'HHR','Chevrolet'),
(406,713,'350Z','Nissan'),
(407,272,'Envoy XL','GMC'),
(408,528,'Optima','Kia'),
(409,589,'Grand Cherokee','Jeep'),
(410,180,'Quest','Nissan'),
(411,71,'A6','Audi'),
(412,528,'Xterra','Nissan'),
(413,186,'Cayenne','Porsche'),
(414,808,'Grand Marquis','Mercury'),
(415,142,'Dakota','Ram'),
(416,407,'Viper','Dodge'),
(417,212,'Tacoma','Toyota'),
(418,493,'626','Mazda'),
(419,614,'88','Oldsmobile'),
(420,770,'Savana 2500','GMC'),
(421,345,'Avalon','Toyota'),
(422,22,'Freelander','Land Rover'),
(423,17,'Continental','Bentley'),
(424,778,'DeVille','Cadillac'),
(425,29,'Malibu','Chevrolet'),
(426,410,'Neon','Dodge'),
(427,158,'Blazer','Chevrolet'),
(428,357,'Mazdaspeed 3','Mazda'),
(429,114,'Bonneville','Pontiac'),
(430,138,'Ram Wagon B150','Dodge'),
(431,154,'Mustang','Ford'),
(432,567,'740','Volvo'),
(433,383,'Suburban 2500','GMC'),
(434,675,'Ram 1500','Dodge'),
(435,896,'V8 Vantage','Aston Martin'),
(436,561,'6000','Pontiac'),
(437,392,'XJ Series','Jaguar'),
(438,706,'Monterey','Mercury'),
(439,756,'5000CS Quattro','Audi'),
(440,35,'LeSabre','Buick'),
(441,564,'Continental','Lincoln'),
(442,208,'Aspen','Dodge'),
(443,319,'Boxster','Porsche'),
(444,221,'Lumina','Chevrolet'),
(445,681,'Jetta','Volkswagen'),
(446,700,'Sidekick','Suzuki'),
(447,506,'Grand Marquis','Mercury'),
(448,456,'Bravada','Oldsmobile'),
(449,317,'Legend','Acura'),
(450,720,'Hombre Space','Isuzu'),
(451,392,'DeVille','Cadillac'),
(452,229,'IS','Lexus'),
(453,273,'Grand Prix','Pontiac'),
(454,571,'Elise','Lotus'),
(455,169,'Somerset','Buick'),
(456,241,'Ranger','Ford'),
(457,852,'New Beetle','Volkswagen'),
(458,444,'SLS-Class','Mercedes-Benz'),
(459,369,'Discovery Series II','Land Rover'),
(460,712,'MDX','Acura'),
(461,639,'Montero','Mitsubishi'),
(462,12,'A8','Audi'),
(463,695,'Corvette','Chevrolet'),
(464,14,'Camaro','Chevrolet'),
(465,179,'Corvair 500','Chevrolet'),
(466,734,'Miata MX-5','Mazda'),
(467,737,'3 Series','BMW'),
(468,789,'Leganza','Daewoo'),
(469,664,'F250','Ford'),
(470,716,'Focus','Ford'),
(471,23,'CLS-Class','Mercedes-Benz'),
(472,876,'Quattro','Audi'),
(473,128,'Tucson','Hyundai'),
(474,342,'Corolla','Toyota'),
(475,143,'Cayenne','Porsche'),
(476,548,'Dakota','Dodge'),
(477,549,'MX-6','Mazda'),
(478,536,'Pathfinder','Nissan'),
(479,604,'525','BMW'),
(480,189,'G55 AMG','Mercedes-Benz'),
(481,270,'Ram 1500','Dodge'),
(482,271,'F250','Ford'),
(483,497,'Town Car','Lincoln'),
(484,361,'Traverse','Chevrolet'),
(485,237,'Caravan','Dodge'),
(486,322,'S80','Volvo'),
(487,327,'Silverado 1500','Chevrolet'),
(488,368,'Colt','Dodge'),
(489,200,'MX-5','Mazda'),
(490,140,'Challenger','Dodge'),
(491,881,'R-Class','Mercedes-Benz'),
(492,77,'Ram 2500 Club','Dodge'),
(493,777,'Vitara','Suzuki'),
(494,571,'Countach','Lamborghini'),
(495,404,'C-Class','Mercedes-Benz'),
(496,637,'Precis','Mitsubishi'),
(497,276,'Sentra','Nissan'),
(498,246,'XG350','Hyundai'),
(499,246,'9-3','Saab'),
(500,585,'Miata MX-5','Mazda'),
(501,203,'Civic','Honda'),
(502,114,'Express 2500','Chevrolet'),
(503,725,'LTD Crown Victoria','Ford'),
(504,791,'Golf','Volkswagen'),
(505,171,'Roadrunner','Plymouth'),
(506,110,'Excel','Hyundai'),
(507,166,'Forte','Kia'),
(508,13,'E-Class','Mercedes-Benz'),
(509,291,'Stratus','Dodge'),
(510,716,'DeVille','Cadillac'),
(511,71,'Silverado 2500','Chevrolet'),
(512,884,'Bonneville','Pontiac'),
(513,355,'Topaz','Mercury'),
(514,662,'960','Volvo'),
(515,649,'300ZX','Nissan'),
(516,847,'Contour','Ford'),
(517,803,'Sonata','Hyundai'),
(518,617,'Ram 1500','Dodge'),
(519,121,'Impreza','Subaru'),
(520,95,'Justy','Subaru'),
(521,500,'Esprit','Lotus'),
(522,849,'Range Rover','Land Rover'),
(523,605,'FX','Infiniti'),
(524,117,'SC','Lexus'),
(525,707,'RX-7','Mazda'),
(526,541,'Thunderbird','Ford'),
(527,254,'7 Series','BMW'),
(528,34,'Ciera','Oldsmobile'),
(529,10,'Thunderbird','Ford'),
(530,776,'Firebird','Pontiac'),
(531,752,'Escalade','Cadillac'),
(532,174,'Altima','Nissan'),
(533,545,'Familia','Mazda'),
(534,296,'FX','Infiniti'),
(535,699,'Cutlass Cruiser','Oldsmobile'),
(536,569,'9000','Saab'),
(537,452,'Ramcharger','Dodge'),
(538,39,'3500 Club Coupe','GMC'),
(539,212,'Sonata','Hyundai'),
(540,793,'Vibe','Pontiac'),
(541,136,'CLS-Class','Mercedes-Benz'),
(542,771,'Ram Van 2500','Dodge'),
(543,784,'Silhouette','Oldsmobile'),
(544,147,'Accord','Honda'),
(545,566,'HHR','Chevrolet'),
(546,178,'Wrangler','Jeep'),
(547,107,'Silverado 1500','Chevrolet'),
(548,295,'1 Series','BMW'),
(549,592,'Galant','Mitsubishi'),
(550,605,'G','Infiniti'),
(551,286,'Discovery Series II','Land Rover'),
(552,137,'Eldorado','Cadillac'),
(553,5,'Sonoma Club Coupe','GMC'),
(554,399,'Expedition','Ford'),
(555,699,'SVX','Subaru'),
(556,261,'Ram Van 2500','Dodge'),
(557,88,'Ram Wagon B150','Dodge'),
(558,295,'Fusion','Ford'),
(559,734,'G','Infiniti'),
(560,701,'750','BMW'),
(561,65,'Murano','Nissan'),
(562,750,'Kizashi','Suzuki'),
(563,225,'Yaris','Toyota'),
(564,260,'944','Porsche'),
(565,769,'Vibe','Pontiac'),
(566,518,'9-5','Saab'),
(567,559,'Mustang','Ford'),
(568,522,'929','Mazda'),
(569,12,'B-Series Plus','Mazda'),
(570,680,'LSS','Oldsmobile'),
(571,374,'Tiguan','Volkswagen'),
(572,314,'A4','Audi'),
(573,347,'Freelander','Land Rover'),
(574,122,'Durango','Dodge'),
(575,39,'Probe','Ford'),
(576,785,'NSX','Acura'),
(577,163,'Diamante','Mitsubishi'),
(578,485,'Rapide','Aston Martin'),
(579,73,'Sunbird','Pontiac'),
(580,309,'Fiero','Pontiac'),
(581,86,'Esprit','Lotus'),
(582,790,'Continental','Lincoln'),
(583,878,'SLS-Class','Mercedes-Benz'),
(584,768,'FX','Infiniti'),
(585,897,'Sprinter 3500','Mercedes-Benz'),
(586,387,'LaCrosse','Buick'),
(587,600,'STS','Cadillac'),
(588,164,'Frontier','Nissan'),
(589,576,'X6','BMW'),
(590,36,'Gallardo','Lamborghini'),
(591,690,'Focus','Ford'),
(592,532,'Vibe','Pontiac'),
(593,545,'Avalanche 1500','Chevrolet'),
(594,587,'Esperante','Panoz'),
(595,470,'Previa','Toyota'),
(596,308,'Express 1500','Chevrolet'),
(597,679,'TSX','Acura'),
(598,122,'323','Mazda'),
(599,396,'Discovery Series II','Land Rover'),
(600,554,'Sigma','Mitsubishi'),
(601,111,'Caprice','Chevrolet'),
(602,321,'Seville','Cadillac'),
(603,408,'QX','Infiniti'),
(604,637,'Laser','Plymouth'),
(605,340,'LSS','Oldsmobile'),
(606,545,'Transit Connect','Ford'),
(607,842,'Town Car','Lincoln'),
(608,847,'Ram 2500 Club','Dodge'),
(609,258,'Lancer Evolution','Mitsubishi'),
(610,102,'Intrepid','Dodge'),
(611,435,'Millenia','Mazda'),
(612,853,'Civic','Honda'),
(613,697,'SL-Class','Mercedes-Benz'),
(614,283,'Focus','Ford'),
(615,590,'Zephyr','Lincoln'),
(616,148,'Tracker','Geo'),
(617,206,'MKS','Lincoln'),
(618,275,'Legend','Acura'),
(619,163,'Tahoe','Chevrolet'),
(620,151,'Forte','Kia'),
(621,385,'i-Series','Isuzu'),
(622,429,'Suburban 1500','Chevrolet'),
(623,79,'Supra','Toyota'),
(624,743,'Tahoe','Chevrolet'),
(625,757,'IPL G','Infiniti'),
(626,748,'Express 3500','Chevrolet'),
(627,128,'LeSabre','Buick'),
(628,246,'RVR','Mitsubishi'),
(629,811,'CLK-Class','Mercedes-Benz'),
(630,275,'Thunderbird','Ford'),
(631,178,'Focus','Ford'),
(632,107,'Town Car','Lincoln'),
(633,422,'Liberty','Jeep'),
(634,218,'CL','Acura'),
(635,392,'XL7','Suzuki'),
(636,208,'Durango','Dodge'),
(637,13,'Aurora','Oldsmobile'),
(638,228,'Quest','Nissan'),
(639,244,'Achieva','Oldsmobile'),
(640,18,'Panamera','Porsche'),
(641,151,'S-Class','Mercedes-Benz'),
(642,498,'62','Maybach'),
(643,566,'Altima','Nissan'),
(644,263,'Tundra','Mitsubishi'),
(645,814,'GT-R','Nissan'),
(646,605,'Tahoe','Chevrolet'),
(647,349,'M-Class','Mercedes-Benz'),
(648,93,'XR4Ti','Merkur'),
(649,492,'Venture','Chevrolet'),
(650,277,'Sierra 3500','GMC'),
(651,602,'EXP','Ford'),
(652,851,'G-Series G10','Chevrolet'),
(653,841,'98','Oldsmobile'),
(654,54,'Diamante','Mitsubishi'),
(655,809,'Intrigue','Oldsmobile'),
(656,424,'Celica','Toyota'),
(657,1,'Grand Caravan','Dodge'),
(658,764,'G','Infiniti'),
(659,178,'M-Class','Mercedes-Benz'),
(660,448,'MKS','Lincoln'),
(661,762,'MKX','Lincoln'),
(662,4,'Continental','Lincoln'),
(663,586,'Highlander','Toyota'),
(664,573,'5 Series','BMW'),
(665,331,'3000GT','Mitsubishi'),
(666,403,'D250','Dodge'),
(667,890,'Corvette','Chevrolet'),
(668,118,'500SL','Mercedes-Benz'),
(669,575,'Santa Fe','Hyundai'),
(670,893,'Ram 1500','Dodge'),
(671,762,'Corvette','Chevrolet'),
(672,136,'E250','Ford'),
(673,404,'SJ 410','Suzuki'),
(674,815,'98','Oldsmobile'),
(675,707,'Bronco','Ford'),
(676,478,'300M','Chrysler'),
(677,352,'TSX','Acura'),
(678,415,'Econoline E250','Ford'),
(679,501,'Impreza','Subaru'),
(680,685,'Diamante','Mitsubishi'),
(681,475,'Exige','Lotus'),
(682,356,'Matrix','Toyota'),
(683,516,'Cherokee','Jeep'),
(684,98,'Mountaineer','Mercury'),
(685,426,'Stratus','Dodge'),
(686,896,'Lucerne','Buick'),
(687,105,'RX-7','Mazda'),
(688,360,'D250 Club','Dodge'),
(689,601,'IS-F','Lexus'),
(690,559,'Dakota','Dodge'),
(691,716,'Ranger','Ford'),
(692,89,'S10 Blazer','Chevrolet'),
(693,860,'Aero 8','Morgan'),
(694,892,'Probe','Ford'),
(695,656,'GTO','Pontiac'),
(696,892,'GL-Class','Mercedes-Benz'),
(697,688,'Taurus','Ford'),
(698,434,'Grand Prix','Pontiac'),
(699,92,'C70','Volvo'),
(700,427,'LeMans','Pontiac'),
(701,383,'57','Maybach'),
(702,702,'Outlook','Saturn'),
(703,882,'Ram 1500','Dodge'),
(704,252,'Ram 3500','Dodge'),
(705,523,'Daytona','Dodge'),
(706,501,'QX','Infiniti'),
(707,110,'Monte Carlo','Chevrolet'),
(708,20,'Outback','Subaru'),
(709,362,'Impreza','Subaru'),
(710,368,'SJ','Suzuki'),
(711,84,'Grand Am','Pontiac'),
(712,786,'XC70','Volvo'),
(713,339,'IS','Lexus'),
(714,715,'E150','Ford'),
(715,281,'X5','BMW'),
(716,391,'E150','Ford'),
(717,618,'Raider','Mitsubishi'),
(718,321,'Sable','Mercury'),
(719,769,'Civic','Honda'),
(720,289,'Continental Flying Spur','Bentley'),
(721,493,'Envoy','GMC'),
(722,389,'LeSabre','Buick'),
(723,272,'IPL G','Infiniti'),
(724,734,'Civic','Honda'),
(725,498,'Fillmore','Fillmore'),
(726,573,'Regal','Buick'),
(727,174,'G-Class','Mercedes-Benz'),
(728,176,'Concorde','Chrysler'),
(729,532,'Civic','Honda'),
(730,136,'3 Series','BMW'),
(731,608,'Passat','Volkswagen'),
(732,54,'Millenia','Mazda'),
(733,873,'Savana 1500','GMC'),
(734,168,'Mark VIII','Lincoln'),
(735,890,'Galant','Mitsubishi'),
(736,801,'Pajero','Mitsubishi'),
(737,829,'Sportage','Kia'),
(738,492,'A8','Audi'),
(739,675,'Caravan','Dodge'),
(740,693,'Crossfire','Chrysler'),
(741,94,'J','Infiniti'),
(742,25,'Altima','Nissan'),
(743,160,'PT Cruiser','Chrysler'),
(744,811,'928','Porsche'),
(745,646,'Frontier','Nissan'),
(746,642,'Durango','Dodge'),
(747,437,'GT','Ford'),
(748,609,'RL','Acura'),
(749,516,'Impreza','Subaru'),
(750,881,'A3','Audi'),
(751,773,'GTO','Mitsubishi'),
(752,678,'CR-V','Honda'),
(753,161,'C-Class','Mercedes-Benz'),
(754,161,'Accent','Hyundai'),
(755,880,'XJ','Jaguar'),
(756,550,'F150','Ford'),
(757,427,'Express 1500','Chevrolet'),
(758,576,'Z4','BMW'),
(759,216,'Jetta','Volkswagen'),
(760,178,'LR2','Land Rover'),
(761,78,'Freestar','Ford'),
(762,665,'XC60','Volvo'),
(763,222,'Mirage','Mitsubishi'),
(764,75,'Jimmy','GMC'),
(765,318,'4000s','Audi'),
(766,265,'B-Series','Mazda'),
(767,691,'Acadia','GMC'),
(768,745,'GTI','Volkswagen'),
(769,379,'Tribute','Mazda'),
(770,375,'H1','Hummer'),
(771,110,'Aerostar','Ford'),
(772,197,'Amigo','Isuzu'),
(773,732,'Genesis','Hyundai'),
(774,248,'Thunderbird','Ford'),
(775,469,'Tribeca','Subaru'),
(776,192,'Savana 1500','GMC'),
(777,871,'RX-7','Mazda'),
(778,34,'Bonneville','Pontiac'),
(779,420,'430','Maserati'),
(780,647,'M5','BMW'),
(781,164,'X-Type','Jaguar'),
(782,437,'Scoupe','Hyundai'),
(783,140,'S-Type','Jaguar'),
(784,780,'LeSabre','Buick'),
(785,345,'Mariner','Mercury'),
(786,448,'3 Series','BMW'),
(787,871,'XJ Series','Jaguar'),
(788,215,'Expo','Mitsubishi'),
(789,266,'Silverado 1500','Chevrolet'),
(790,50,'Quest','Nissan'),
(791,473,'S10','Chevrolet'),
(792,583,'Golf','Volkswagen'),
(793,853,'D350','Dodge'),
(794,199,'Vision','Eagle'),
(795,575,'Camaro','Chevrolet'),
(796,532,'LeSabre','Buick'),
(797,254,'A4','Audi'),
(798,146,'Challenger','Mitsubishi'),
(799,96,'Amigo','Isuzu'),
(800,623,'RAV4','Toyota'),
(801,133,'Festiva','Ford'),
(802,50,'G35','Infiniti'),
(803,340,'Sequoia','Toyota'),
(804,114,'S-Class','Mercedes-Benz'),
(805,412,'Santa Fe','Hyundai'),
(806,373,'4Runner','Toyota'),
(807,228,'F-Series','Ford'),
(808,576,'Bronco','Ford'),
(809,592,'Golf','Volkswagen'),
(810,151,'XC90','Volvo'),
(811,764,'Yukon XL 2500','GMC'),
(812,149,'Th!nk','Ford'),
(813,895,'R-Class','Mercedes-Benz'),
(814,25,'Eclipse','Mitsubishi'),
(815,637,'Escalade','Cadillac'),
(816,147,'911','Porsche'),
(817,274,'Stratus','Dodge'),
(818,232,'9-3','Saab'),
(819,721,'F-Series','Ford'),
(820,433,'Caravan','Dodge'),
(821,514,'C70','Volvo'),
(822,1,'Diamante','Mitsubishi'),
(823,391,'Trooper','Isuzu'),
(824,780,'Continental GTC','Bentley'),
(825,748,'Sonata','Hyundai'),
(826,579,'S-Class','Mercedes-Benz'),
(827,605,'Voyager','Chrysler'),
(828,282,'Phantom','Rolls-Royce'),
(829,538,'XL-7','Suzuki'),
(830,191,'Grand Am','Pontiac'),
(831,765,'Tiburon','Hyundai'),
(832,841,'MDX','Acura'),
(833,585,'S6','Audi'),
(834,697,'Expedition EL','Ford'),
(835,718,'Regal','Buick'),
(836,213,'Monte Carlo','Chevrolet'),
(837,86,'Continental','Lincoln'),
(838,737,'Jetta','Volkswagen'),
(839,345,'Prelude','Honda'),
(840,583,'Amanti','Kia'),
(841,550,'Tredia','Mitsubishi'),
(842,423,'Sportvan G30','Chevrolet'),
(843,559,'S4','Audi'),
(844,471,'Mighty Max','Mitsubishi'),
(845,231,'Rendezvous','Buick'),
(846,210,'Mighty Max','Mitsubishi'),
(847,881,'Impala','Chevrolet'),
(848,505,'Kizashi','Suzuki'),
(849,765,'Altima','Nissan'),
(850,227,'Firebird','Pontiac'),
(851,40,'C30','Volvo'),
(852,436,'TL','Acura'),
(853,620,'Thunderbird','Ford'),
(854,42,'Range Rover','Land Rover'),
(855,611,'Prelude','Honda'),
(856,684,'XLR-V','Cadillac'),
(857,206,'Grand Prix','Pontiac'),
(858,266,'Sierra','GMC'),
(859,127,'Spider','Alfa Romeo'),
(860,742,'Explorer','Ford'),
(861,135,'XLR','Cadillac'),
(862,35,'LaCrosse','Buick'),
(863,31,'Continental Flying Spur','Bentley'),
(864,210,'D350 Club','Dodge'),
(865,594,'DTS','Cadillac'),
(866,888,'LeMans','Pontiac'),
(867,371,'Jetta','Volkswagen'),
(868,244,'Thunderbird','Ford'),
(869,388,'RL','Acura'),
(870,190,'GranSport','Maserati'),
(871,189,'G6','Pontiac'),
(872,280,'MPV','Mazda'),
(873,665,'E-Class','Mercedes-Benz'),
(874,124,'Discovery Series II','Land Rover'),
(875,849,'Karif','Maserati'),
(876,282,'Concorde','Chrysler'),
(877,227,'XK','Jaguar'),
(878,400,'Bravada','Oldsmobile'),
(879,354,'Land Cruiser','Toyota'),
(880,171,'Amigo','Isuzu'),
(881,264,'Explorer','Ford'),
(882,891,'MKZ','Lincoln'),
(883,108,'Metro','Geo'),
(884,852,'Sienna','Toyota'),
(885,421,'GS','Lexus'),
(886,258,'Mustang','Ford'),
(887,319,'Thunderbird','Ford'),
(888,818,'Sebring','Chrysler'),
(889,553,'Yukon','GMC'),
(890,373,'760','BMW'),
(891,504,'C-Class','Mercedes-Benz'),
(892,288,'4Runner','Toyota'),
(893,603,'LeMans','Pontiac'),
(894,169,'929','Mazda'),
(895,652,'Laser','Plymouth'),
(896,582,'Cougar','Mercury'),
(897,555,'Windstar','Ford'),
(898,336,'Equinox','Chevrolet'),
(899,650,'Sable','Mercury'),
(900,218,'Continental','Lincoln'),
(901,316,'Alero','Oldsmobile'),
(902,618,'Breeze','Plymouth'),
(903,100,'Corrado','Volkswagen'),
(904,663,'Odyssey','Honda'),
(905,755,'XJ','Jaguar'),
(906,563,'Ciera','Oldsmobile'),
(907,391,'Metro','Chevrolet'),
(908,520,'Familia','Mazda'),
(909,183,'Sienna','Toyota'),
(910,214,'Flex','Ford'),
(911,887,'9-5','Saab'),
(912,501,'Thunderbird','Ford'),
(913,612,'6000','Pontiac'),
(914,320,'CR-V','Honda'),
(915,519,'Envoy','GMC'),
(916,881,'Coupe GT','Audi'),
(917,142,'CLK-Class','Mercedes-Benz'),
(918,198,'Econoline E350','Ford'),
(919,309,'F350','Ford'),
(920,545,'Scirocco','Volkswagen'),
(921,580,'Sable','Mercury'),
(922,630,'GTI','Volkswagen'),
(923,49,'Prizm','Geo'),
(924,344,'Civic','Honda'),
(925,785,'C70','Volvo'),
(926,200,'Grand Prix','Pontiac'),
(927,787,'Karif','Maserati'),
(928,359,'350Z','Nissan'),
(929,597,'Camaro','Chevrolet'),
(930,480,'Colt','Dodge'),
(931,194,'Eurovan','Volkswagen'),
(932,492,'4Runner','Toyota'),
(933,358,'Ridgeline','Honda'),
(934,811,'Explorer','Ford'),
(935,777,'Crown Victoria','Ford'),
(936,289,'Tribute','Mazda'),
(937,49,'Paseo','Toyota'),
(938,773,'LHS','Chrysler'),
(939,6,'F250','Ford'),
(940,516,'Defender Ice Edition','Land Rover'),
(941,79,'D150','Dodge'),
(942,614,'CR-Z','Honda'),
(943,551,'Discovery','Land Rover'),
(944,899,'Savana 3500','GMC'),
(945,136,'Frontier','Nissan'),
(946,123,'Express 2500','Chevrolet'),
(947,888,'Club Wagon','Ford'),
(948,340,'Suburban 2500','Chevrolet'),
(949,823,'F-Series','Ford'),
(950,428,'F350','Ford'),
(951,895,'Range Rover','Land Rover'),
(952,543,'Forenza','Suzuki'),
(953,413,'Windstar','Ford'),
(954,832,'SC','Lexus'),
(955,677,'525','BMW'),
(956,402,'G5','Pontiac'),
(957,351,'600','BMW'),
(958,151,'Carrera GT','Porsche'),
(959,524,'Eclipse','Mitsubishi'),
(960,450,'Savana 3500','GMC'),
(961,839,'TSX','Acura'),
(962,121,'XLR','Cadillac'),
(963,759,'Avalon','Toyota'),
(964,628,'Sephia','Kia'),
(965,799,'Clubman','MINI'),
(966,361,'XL-7','Suzuki'),
(967,212,'R8','Audi'),
(968,202,'Silhouette','Oldsmobile'),
(969,341,'Optima','Kia'),
(970,248,'530','BMW'),
(971,140,'Cabriolet','Audi'),
(972,677,'TL','Acura'),
(973,423,'Probe','Ford'),
(974,587,'Rio','Kia'),
(975,656,'MR2','Toyota'),
(976,79,'M','Infiniti'),
(977,650,'X5','BMW'),
(978,497,'Beretta','Chevrolet'),
(979,732,'Altima','Nissan'),
(980,523,'Element','Honda'),
(981,587,'Mustang','Ford'),
(982,450,'Expedition','Ford'),
(983,837,'QX','Infiniti'),
(984,741,'F430','Ferrari'),
(985,182,'Panamera','Porsche'),
(986,320,'Suburban 2500','Chevrolet'),
(987,631,'R-Class','Mercedes-Benz'),
(988,485,'Bravada','Oldsmobile'),
(989,824,'CC','Volkswagen'),
(990,90,'9000','Saab'),
(991,836,'Prizm','Chevrolet'),
(992,67,'Continental GTC','Bentley'),
(993,310,'Legacy','Subaru'),
(994,284,'2500','Chevrolet'),
(995,784,'X3','BMW'),
(996,838,'GTO','Pontiac'),
(997,247,'Scirocco','Volkswagen'),
(998,246,'1 Series','BMW'),
(999,126,'LR3','Land Rover'),
(1000,242,'Grand Am','Pontiac'),
(1001,259,'Sierra 2500','GMC'),
(1002,139,'Grand Prix','Pontiac'),
(1003,891,'530','BMW'),
(1004,35,'Terraza','Buick'),
(1005,249,'Express 1500','Chevrolet'),
(1006,623,'CTS-V','Cadillac'),
(1007,622,'911','Porsche'),
(1008,156,'F-Series','Ford'),
(1009,705,'940','Volvo'),
(1010,295,'Expedition','Ford'),
(1011,653,'Summit','Eagle'),
(1012,233,'New Beetle','Volkswagen'),
(1013,129,'Bronco','Ford'),
(1014,839,'1500 Club Coupe','GMC'),
(1015,403,'VUE','Saturn'),
(1016,612,'Rainier','Buick'),
(1017,110,'IS F','Lexus'),
(1018,559,'Z4 M Roadster','BMW'),
(1019,178,'Silverado 1500','Chevrolet'),
(1020,168,'F150','Ford'),
(1021,153,'XR4Ti','Merkur'),
(1022,694,'Elise','Lotus'),
(1023,825,'M3','BMW'),
(1024,581,'Sierra 2500','GMC'),
(1025,802,'Ram 3500','Dodge'),
(1026,724,'Aerio','Suzuki'),
(1027,659,'Fusion','Ford'),
(1028,335,'Eclipse','Mitsubishi'),
(1029,838,'MR2','Toyota'),
(1030,116,'3 Series','BMW'),
(1031,438,'Explorer','Ford'),
(1032,319,'Veloster','Hyundai'),
(1033,31,'XC70','Volvo'),
(1034,427,'Patriot','Jeep'),
(1035,872,'Express 3500','Chevrolet'),
(1036,527,'M','Infiniti'),
(1037,197,'Murciélago','Lamborghini'),
(1038,506,'CLK-Class','Mercedes-Benz'),
(1039,828,'S-Class','Mercedes-Benz'),
(1040,820,'Laser','Plymouth'),
(1041,644,'Frontier','Nissan'),
(1042,224,'del Sol','Honda'),
(1043,434,'Trooper','Isuzu'),
(1044,65,'A5','Audi'),
(1045,384,'Sentra','Nissan'),
(1046,750,'Mirage','Mitsubishi'),
(1047,481,'V8 Vantage','Aston Martin'),
(1048,741,'Caravan','Dodge'),
(1049,40,'Sephia','Kia'),
(1050,474,'1500','GMC'),
(1051,54,'Mirage','Mitsubishi'),
(1052,826,'LTD Crown Victoria','Ford'),
(1053,196,'Miata MX-5','Mazda'),
(1054,646,'Firebird','Pontiac'),
(1055,272,'Corolla','Toyota'),
(1056,60,'Millenia','Mazda'),
(1057,560,'Impala','Chevrolet'),
(1058,363,'LeSabre','Buick'),
(1059,426,'Prius Plug-in Hybrid','Toyota'),
(1060,363,'Aztek','Pontiac'),
(1061,888,'Talon','Eagle'),
(1062,381,'Exige','Lotus'),
(1063,652,'Armada','Nissan'),
(1064,123,'V50','Volvo'),
(1065,623,'C30','Volvo'),
(1066,571,'C-Class','Mercedes-Benz'),
(1067,590,'240SX','Nissan'),
(1068,776,'Miata MX-5','Mazda'),
(1069,93,'Sprinter','Mercedes-Benz'),
(1070,272,'SJ','Suzuki'),
(1071,601,'Sebring','Chrysler'),
(1072,750,'SL-Class','Mercedes-Benz'),
(1073,431,'Esperante','Panoz'),
(1074,463,'S10','Chevrolet'),
(1075,894,'FX','Infiniti'),
(1076,329,'Econoline E350','Ford'),
(1077,858,'XL-7','Suzuki'),
(1078,370,'Express','Chevrolet'),
(1079,771,'CLK-Class','Mercedes-Benz'),
(1080,298,'600SEL','Mercedes-Benz'),
(1081,49,'911','Porsche'),
(1082,378,'Jetta','Volkswagen'),
(1083,495,'Cooper Clubman','MINI'),
(1084,573,'E-Class','Mercedes-Benz'),
(1085,501,'A8','Audi'),
(1086,169,'Charger','Dodge'),
(1087,13,'4Runner','Toyota'),
(1088,842,'Insight','Honda'),
(1089,431,'A3','Audi'),
(1090,53,'2500','Chevrolet'),
(1091,857,'Jetta','Volkswagen'),
(1092,327,'Amigo','Isuzu'),
(1093,7,'X-Type','Jaguar'),
(1094,71,'Murciélago','Lamborghini'),
(1095,447,'Equus','Hyundai'),
(1096,745,'1500','GMC'),
(1097,70,'300SD','Mercedes-Benz'),
(1098,511,'LTD','Ford'),
(1099,5,'Seville','Cadillac'),
(1100,332,'Daewoo Kalos','Pontiac'),
(1101,230,'rio','Volkswagen'),
(1102,136,'Avanti','Studebaker'),
(1103,641,'Corvette','Chevrolet'),
(1104,590,'G-Series G10','Chevrolet'),
(1105,51,'4Runner','Toyota'),
(1106,20,'Millenia','Mazda'),
(1107,819,'Corvette','Chevrolet'),
(1108,678,'Firebird','Pontiac'),
(1109,607,'Outback','Subaru'),
(1110,880,'F-Series','Ford'),
(1111,697,'Sonata','Hyundai'),
(1112,845,'Reatta','Buick'),
(1113,179,'Forester','Subaru'),
(1114,451,'Pacifica','Chrysler'),
(1115,355,'MDX','Acura'),
(1116,528,'Cooper','MINI'),
(1117,762,'MX-5','Mazda'),
(1118,488,'Regal','Buick'),
(1119,789,'Jimmy','GMC'),
(1120,262,'Rio','Kia'),
(1121,38,'Yukon','GMC'),
(1122,861,'GTO','Pontiac'),
(1123,449,'Flex','Ford'),
(1124,745,'E-Class','Mercedes-Benz'),
(1125,630,'Rio','Kia'),
(1126,305,'Odyssey','Honda'),
(1127,857,'F350','Ford'),
(1128,302,'GTI','Volkswagen'),
(1129,848,'3500','Chevrolet'),
(1130,112,'LaCrosse','Buick'),
(1131,881,'Wrangler','Jeep'),
(1132,137,'Beretta','Chevrolet'),
(1133,681,'Mark LT','Lincoln'),
(1134,298,'F350','Ford'),
(1135,39,'Challenger','Mitsubishi'),
(1136,222,'Pajero','Mitsubishi'),
(1137,626,'A8','Audi'),
(1138,577,'Liberty','Jeep'),
(1139,344,'3 Series','BMW'),
(1140,809,'Dakota','Ram'),
(1141,495,'FX','Infiniti'),
(1142,423,'Escort','Ford'),
(1143,107,'Parisienne','Pontiac'),
(1144,640,'Sentra','Nissan'),
(1145,283,'Cabriolet','Volkswagen'),
(1146,271,'Pilot','Honda'),
(1147,614,'Safari','Pontiac'),
(1148,263,'9-5','Saab'),
(1149,14,'H3','Hummer'),
(1150,399,'Grand Marquis','Mercury'),
(1151,419,'Prelude','Honda'),
(1152,752,'Parisienne','Pontiac'),
(1153,236,'CTS','Cadillac'),
(1154,656,'F150','Ford'),
(1155,416,'Scirocco','Volkswagen'),
(1156,868,'Skylark','Buick'),
(1157,752,'Sable','Mercury'),
(1158,476,'CX-7','Mazda'),
(1159,446,'Passat','Volkswagen'),
(1160,366,'X5','BMW'),
(1161,103,'Cabriolet','Volkswagen'),
(1162,89,'Tucson','Hyundai'),
(1163,446,'Vantage','Aston Martin'),
(1164,829,'Taurus','Ford'),
(1165,146,'Grand Prix','Pontiac'),
(1166,94,'612 Scaglietti','Ferrari'),
(1167,199,'XT','Subaru'),
(1168,274,'SC','Lexus'),
(1169,157,'Accord','Honda'),
(1170,736,'Spectra','Kia'),
(1171,139,'300M','Chrysler'),
(1172,553,'ES','Lexus'),
(1173,826,'645','BMW'),
(1174,387,'Grand Vitara','Suzuki'),
(1175,373,'Z8','BMW'),
(1176,41,'500SL','Mercedes-Benz'),
(1177,434,'G','Infiniti'),
(1178,556,'Range Rover','Land Rover'),
(1179,444,'Suburban 2500','Chevrolet'),
(1180,573,'Millenia','Mazda'),
(1181,334,'Safari','Pontiac'),
(1182,258,'Econoline E150','Ford'),
(1183,403,'MX-5','Mazda'),
(1184,764,'Phaeton','Volkswagen'),
(1185,72,'LS','Lexus'),
(1186,480,'Corolla','Toyota'),
(1187,563,'CX-7','Mazda'),
(1188,618,'Explorer Sport Trac','Ford'),
(1189,515,'929','Mazda'),
(1190,50,'Odyssey','Honda'),
(1191,216,'FJ Cruiser','Toyota'),
(1192,753,'F350','Ford'),
(1193,730,'Frontier','Nissan'),
(1194,867,'Q','Infiniti'),
(1195,800,'A8','Audi'),
(1196,397,'Park Avenue','Buick'),
(1197,123,'Commander','Jeep'),
(1198,642,'Escalade EXT','Cadillac'),
(1199,188,'Entourage','Hyundai'),
(1200,191,'Exige','Lotus'),
(1201,456,'MDX','Acura'),
(1202,644,'Sable','Mercury'),
(1203,202,'TL','Acura'),
(1204,497,'RAV4','Toyota'),
(1205,23,'Roadster','Tesla'),
(1206,154,'Chariot','Mitsubishi'),
(1207,372,'E-350 Super Duty','Ford'),
(1208,625,'Grand Marquis','Mercury'),
(1209,418,'Camry Hybrid','Toyota'),
(1210,554,'Azera','Hyundai'),
(1211,841,'Grand Marquis','Mercury'),
(1212,685,'Escort','Ford'),
(1213,832,'W201','Mercedes-Benz'),
(1214,13,'RDX','Acura'),
(1215,159,'Range Rover Sport','Land Rover'),
(1216,556,'CTS','Cadillac'),
(1217,356,'Camaro','Chevrolet'),
(1218,322,'Highlander','Toyota'),
(1219,547,'Rally Wagon 1500','GMC'),
(1220,814,'Grand Prix','Pontiac'),
(1221,696,'Impala','Chevrolet'),
(1222,347,'A8','Audi'),
(1223,187,'RSX','Acura'),
(1224,568,'5 Series','BMW'),
(1225,527,'RAV4','Toyota'),
(1226,216,'Corolla','Toyota'),
(1227,608,'Explorer Sport Trac','Ford'),
(1228,35,'Mustang','Ford'),
(1229,494,'CX-9','Mazda'),
(1230,841,'JUKE','Nissan'),
(1231,522,'Escalade','Cadillac'),
(1232,122,'612 Scaglietti','Ferrari'),
(1233,632,'Altima','Nissan'),
(1234,11,'Mustang','Ford'),
(1235,605,'5000S','Audi'),
(1236,276,'Boxster','Porsche'),
(1237,647,'500SEC','Mercedes-Benz'),
(1238,581,'Tiburon','Hyundai'),
(1239,682,'Ghost','Rolls-Royce'),
(1240,431,'Escort','Ford'),
(1241,829,'G','Infiniti'),
(1242,333,'Viper','Dodge'),
(1243,146,'Ghost','Rolls-Royce'),
(1244,265,'Spectra','Kia'),
(1245,716,'900','Saab'),
(1246,726,'Xterra','Nissan'),
(1247,257,'Type 2','Volkswagen'),
(1248,689,'S40','Volvo'),
(1249,397,'MKT','Lincoln'),
(1250,93,'Bonneville','Pontiac'),
(1251,536,'Sonoma Club Coupe','GMC'),
(1252,450,'F-Series','Ford'),
(1253,803,'RAV4','Toyota'),
(1254,399,'Cooper','MINI'),
(1255,661,'Echo','Toyota'),
(1256,733,'9-5','Saab'),
(1257,722,'Ascender','Isuzu'),
(1258,769,'Grand Am','Pontiac'),
(1259,782,'Biturbo','Maserati'),
(1260,770,'3 Series','BMW'),
(1261,80,'S-Class','Mercedes-Benz'),
(1262,425,'Cordia','Mitsubishi'),
(1263,602,'Shadow','Dodge'),
(1264,628,'Tacoma','Toyota'),
(1265,215,'CX','Citroën'),
(1266,811,'Town Car','Lincoln'),
(1267,55,'Legacy','Subaru'),
(1268,731,'Canyon','GMC'),
(1269,185,'A3','Audi'),
(1270,584,'8 Series','BMW'),
(1271,396,'Escalade ESV','Cadillac'),
(1272,358,'Avanti','Studebaker'),
(1273,429,'Suburban 1500','Chevrolet'),
(1274,830,'V8','Audi'),
(1275,308,'Grand Prix','Pontiac'),
(1276,704,'Chariot','Mitsubishi'),
(1277,269,'Alero','Oldsmobile'),
(1278,799,'Dakota','Dodge'),
(1279,188,'Ram 1500','Dodge'),
(1280,328,'XL-7','Suzuki'),
(1281,134,'Rabbit','Volkswagen'),
(1282,250,'Civic','Honda'),
(1283,792,'Suburban 1500','Chevrolet'),
(1284,81,'XC60','Volvo'),
(1285,763,'Galant','Mitsubishi'),
(1286,24,'Justy','Subaru'),
(1287,176,'Sonoma Club Coupe','GMC'),
(1288,459,'Sable','Mercury'),
(1289,408,'Raider','Mitsubishi'),
(1290,87,'Q7','Audi'),
(1291,524,'Q','Infiniti'),
(1292,305,'62','Maybach'),
(1293,682,'Mariner','Mercury'),
(1294,581,'Eurovan','Volkswagen'),
(1295,158,'Sierra 3500','GMC'),
(1296,180,'GX','Lexus'),
(1297,57,'F-Series','Ford'),
(1298,655,'Z4 M Roadster','BMW'),
(1299,816,'Sebring','Chrysler'),
(1300,590,'B-Series','Mazda'),
(1301,719,'Supra','Toyota'),
(1302,753,'M5','BMW'),
(1303,387,'4Runner','Toyota'),
(1304,74,'3000GT','Mitsubishi'),
(1305,123,'Century','Buick'),
(1306,730,'626','Mazda'),
(1307,547,'SL-Class','Mercedes-Benz'),
(1308,22,'Trooper','Isuzu'),
(1309,895,'Lancer Evolution','Mitsubishi'),
(1310,724,'Impala','Chevrolet'),
(1311,442,'Tempo','Ford'),
(1312,518,'Land Cruiser','Toyota'),
(1313,252,'Aura','Saturn'),
(1314,449,'Versa','Nissan'),
(1315,757,'Optima','Kia'),
(1316,839,'New Beetle','Volkswagen'),
(1317,792,'Ram 3500','Dodge'),
(1318,411,'Econoline E350','Ford'),
(1319,51,'JUKE','Nissan'),
(1320,385,'Optima','Kia'),
(1321,344,'Touareg','Volkswagen'),
(1322,326,'GL-Class','Mercedes-Benz'),
(1323,426,'Suburban 2500','GMC'),
(1324,440,'GLK-Class','Mercedes-Benz'),
(1325,245,'Mark VIII','Lincoln'),
(1326,297,'Tacoma','Toyota'),
(1327,461,'911','Porsche'),
(1328,63,'Golf','Volkswagen'),
(1329,324,'Stealth','Dodge'),
(1330,696,'Blackwood','Lincoln'),
(1331,620,'Altima','Nissan'),
(1332,193,'C70','Volvo'),
(1333,521,'MX-6','Mazda'),
(1334,567,'X-Type','Jaguar'),
(1335,214,'LeSabre','Buick'),
(1336,116,'Murano','Nissan'),
(1337,398,'GTO','Mitsubishi'),
(1338,25,'XC60','Volvo'),
(1339,788,'E150','Ford'),
(1340,795,'Villager','Mercury'),
(1341,11,'Grand Prix','Pontiac'),
(1342,146,'Journey','Dodge'),
(1343,181,'Savana 2500','GMC'),
(1344,467,'Sierra 3500','GMC'),
(1345,429,'VehiCROSS','Isuzu'),
(1346,466,'rio','Volkswagen'),
(1347,543,'RX','Lexus'),
(1348,703,'Sedona','Kia'),
(1349,574,'F450','Ford'),
(1350,578,'Chevette','Pontiac'),
(1351,468,'Sonoma','GMC'),
(1352,682,'Colorado','Chevrolet'),
(1353,131,'745','BMW'),
(1354,309,'CC','Volkswagen'),
(1355,141,'Ranger','Ford'),
(1356,481,'Silverado 3500','Chevrolet'),
(1357,303,'LTD Crown Victoria','Ford'),
(1358,450,'California','Ferrari'),
(1359,298,'Avalon','Toyota'),
(1360,729,'Envoy XL','GMC'),
(1361,514,'228','Maserati'),
(1362,599,'Roadster','Tesla'),
(1363,644,'Escalade EXT','Cadillac'),
(1364,769,'Impala SS','Chevrolet'),
(1365,382,'Leganza','Daewoo'),
(1366,567,'Cabriolet','Audi'),
(1367,346,'SLK-Class','Mercedes-Benz'),
(1368,512,'Integra','Acura'),
(1369,11,'5000CS Quattro','Audi'),
(1370,484,'Routan','Volkswagen'),
(1371,877,'TSX','Acura'),
(1372,93,'ES','Lexus'),
(1373,218,'Torrent','Pontiac'),
(1374,125,'Elantra','Hyundai'),
(1375,349,'Bonneville','Pontiac'),
(1376,607,'Dakota Club','Dodge'),
(1377,613,'Rally Wagon 3500','GMC'),
(1378,856,'Terraza','Buick'),
(1379,58,'F150','Ford'),
(1380,367,'900','Saab'),
(1381,678,'Corvette','Chevrolet'),
(1382,661,'Elantra','Hyundai'),
(1383,88,'Titan','Nissan'),
(1384,12,'W123','Mercedes-Benz'),
(1385,483,'Murano','Nissan'),
(1386,593,'C8 Spyder Wide Body','Spyker'),
(1387,66,'Traverse','Chevrolet'),
(1388,154,'S-Class','Mercedes-Benz'),
(1389,239,'Cube','Nissan'),
(1390,299,'Tahoe','Chevrolet'),
(1391,541,'6 Series','BMW'),
(1392,234,'Cayenne','Porsche'),
(1393,53,'S-Class','Mercedes-Benz'),
(1394,696,'Club Wagon','Ford'),
(1395,729,'Yukon XL 2500','GMC'),
(1396,128,'E-Class','Mercedes-Benz'),
(1397,727,'Trooper','Isuzu'),
(1398,606,'SLK-Class','Mercedes-Benz'),
(1399,792,'RVR','Mitsubishi'),
(1400,461,'88','Oldsmobile');

/*Table structure for table `kota` */

DROP TABLE IF EXISTS `kota`;

CREATE TABLE `kota` (
  `id_kota` int NOT NULL AUTO_INCREMENT,
  `id_provinsi` int NOT NULL,
  `nama_kota` varchar(80) NOT NULL,
  PRIMARY KEY (`id_kota`)
) ENGINE=InnoDB AUTO_INCREMENT=91 DEFAULT CHARSET=utf8mb4 COLLATE=utf8mb4_0900_ai_ci;

/*Data for the table `kota` */

insert  into `kota`(`id_kota`,`id_provinsi`,`nama_kota`) values 
(1,1,'Banda Aceh'),
(2,1,'Langsa'),
(3,1,'Sabang'),
(4,1,'Lhokseumawe'),
(5,1,'Subulussalam'),
(6,2,'Medan'),
(7,2,'Binjai'),
(8,2,'Pematangsiantar'),
(9,2,'Tebing Tinggi'),
(10,2,'Tanjung Balai'),
(11,2,'Sibolga'),
(12,2,'Padang Sidempuan'),
(13,2,'Gunungsitoli'),
(14,3,'Padang'),
(15,3,'Solok'),
(16,3,'Sawahlunto'),
(17,3,'Padang Panjang'),
(18,3,'Bukittinggi'),
(19,3,'Payakumbuh'),
(20,4,'Pekanbaru'),
(21,4,'Dumai'),
(22,5,'Jambi'),
(23,5,'Sungai Penuh'),
(24,6,'Palembang'),
(25,6,'Prabumulih'),
(26,6,'Pagar Alam'),
(27,6,'Lubuklinggau'),
(28,7,'Bengkulu'),
(29,8,'Bandar Lampung'),
(30,8,'Metro'),
(31,9,'Pangkal Pinang'),
(32,10,'Tanjung Pinang'),
(33,10,'Batam'),
(34,11,'Jakarta Selatan'),
(35,11,'Jakarta Timur'),
(36,11,'Jakarta Pusat'),
(37,11,'Jakarta Barat'),
(38,11,'Jakarta Utara'),
(39,12,'Bandung'),
(40,12,'Bekasi'),
(41,12,'Depok'),
(42,12,'Cimahi'),
(43,12,'Tasikmalaya'),
(44,13,'Semarang'),
(45,13,'Surakarta'),
(46,13,'Tegal'),
(47,13,'Pekalongan'),
(48,13,'Magelang'),
(49,14,'Yogyakarta'),
(50,15,'Surabaya'),
(51,15,'Malang'),
(52,15,'Sidoarjo'),
(53,15,'Mojokerto'),
(54,15,'Jember'),
(55,16,'Serang'),
(56,16,'Tangerang'),
(57,16,'Cilegon'),
(58,16,'South Tangerang'),
(59,17,'Denpasar'),
(60,17,'Singaraja'),
(61,18,'Mataram'),
(62,18,'Bima'),
(63,19,'Kupang'),
(64,19,'Ende'),
(65,19,'Maumere'),
(66,20,'Pontianak'),
(67,20,'Singkawang'),
(68,21,'Palangkaraya'),
(69,22,'Banjarmasin'),
(70,22,'Banjarbaru'),
(71,23,'Samarinda'),
(72,23,'Balikpapan'),
(73,23,'Bontang'),
(74,24,'Tanjung Selor'),
(75,25,'Manado'),
(76,25,'Bitung'),
(77,26,'Palu'),
(78,27,'Makassar'),
(79,27,'Palopo'),
(80,28,'Kendari'),
(81,28,'Baubau'),
(82,29,'Gorontalo'),
(83,30,'Ambon'),
(84,30,'Tual'),
(85,31,'Ternate'),
(86,31,'Tidore'),
(87,32,'Manokwari'),
(88,32,'Sorong'),
(89,33,'Jayapura'),
(90,33,'Biak');

/*Table structure for table `penduduk` */

DROP TABLE IF EXISTS `penduduk`;

CREATE TABLE `penduduk` (
  `id_penduduk` int NOT NULL AUTO_INCREMENT,
  `id_kota` int NOT NULL,
  `nama_penduduk` varchar(100) NOT NULL,
  `penghasilan` int NOT NULL,
  `tanggal_lahir` date NOT NULL,
  PRIMARY KEY (`id_penduduk`)
) ENGINE=InnoDB AUTO_INCREMENT=901 DEFAULT CHARSET=utf8mb4 COLLATE=utf8mb4_0900_ai_ci;

/*Data for the table `penduduk` */

insert  into `penduduk`(`id_penduduk`,`id_kota`,`nama_penduduk`,`penghasilan`,`tanggal_lahir`) values 
(1,1,'Bryant Kiddie',5150689,'1992-07-06'),
(2,2,'Zachary Woodfield',3283826,'2007-05-09'),
(3,3,'Farrell Petraitis',3183314,'1997-07-07'),
(4,4,'Bernete Taree',3407404,'1997-07-26'),
(5,5,'Dorothy Fehely',4110707,'2000-05-02'),
(6,6,'Skippy Lapere',4198893,'1990-11-28'),
(7,7,'Ramona Maffi',4548459,'1998-03-22'),
(8,8,'Vladimir Graeser',2378652,'1992-07-20'),
(9,9,'Filberte Hollingsby',3872323,'2000-04-20'),
(10,10,'Parsifal Ahearne',4424645,'2004-06-26'),
(11,11,'Gertruda Dyer',1236207,'2000-02-27'),
(12,12,'Melony Wharfe',2745535,'2008-08-27'),
(13,13,'Shurlocke Proudlove',4369170,'2004-11-04'),
(14,14,'Yancy Strangwood',5730958,'1999-09-30'),
(15,15,'Timmy Thirst',3942172,'1991-03-25'),
(16,16,'Gale Sammes',4375275,'2008-09-04'),
(17,17,'Justinian Haking',3241863,'1992-01-25'),
(18,18,'Thaine Slingsby',1856026,'1990-08-01'),
(19,19,'Pall McGrady',4628833,'2009-04-15'),
(20,20,'Jared Beadles',2884116,'1992-06-01'),
(21,21,'Andonis Pennells',1269989,'1993-04-03'),
(22,22,'Hort Coldtart',2139401,'2003-08-13'),
(23,23,'Arv Kempe',2454760,'2009-04-05'),
(24,24,'Vernen Orro',4537307,'2008-11-01'),
(25,25,'Margi Dubble',1790166,'2002-10-27'),
(26,26,'Sophie Netherwood',2473526,'2004-12-04'),
(27,27,'Conant Fishpool',3516408,'1991-02-06'),
(28,28,'Lois de Juares',3498227,'2000-02-27'),
(29,29,'Augustina Rolingson',1759912,'1993-11-10'),
(30,30,'Kenton Feaviour',2286642,'1990-01-19'),
(31,31,'Hagan Wallington',2941293,'2010-04-30'),
(32,32,'Selig Pirt',2647088,'2010-10-18'),
(33,33,'Becki Siebert',2939134,'1995-03-02'),
(34,34,'Tomi Gossage',2175532,'2008-09-09'),
(35,35,'Batsheva Refford',3078570,'1994-03-20'),
(36,36,'Aland Drinnan',4820347,'2004-01-24'),
(37,37,'Gaby Matveiko',3657201,'2001-12-07'),
(38,38,'Norris Tomkiss',3803336,'2008-11-03'),
(39,39,'Cordi Bierman',1018208,'2008-02-20'),
(40,40,'Godfree Marrington',1040926,'1994-05-03'),
(41,41,'Ody Kemmet',1456108,'2007-07-14'),
(42,42,'Siegfried Miklem',4087116,'2009-03-02'),
(43,43,'Rustin Hallowes',2680222,'1993-09-24'),
(44,44,'Audrey Greatbank',1447333,'2003-04-30'),
(45,45,'Brynna Cunnah',5598386,'2007-06-14'),
(46,46,'Benjie Sich',1873989,'2009-05-21'),
(47,47,'Nat Somerset',3044902,'1993-12-08'),
(48,48,'Farley Wenham',2387902,'1996-11-28'),
(49,49,'Lorne Eakle',2824422,'1993-10-04'),
(50,50,'Verna Eble',1805369,'2003-09-09'),
(51,51,'Ikey Alelsandrovich',4521776,'2003-03-16'),
(52,52,'Betsey Braganza',5710302,'1994-11-18'),
(53,53,'Diann Ryam',1184999,'1995-01-12'),
(54,54,'Fifi Gierhard',3136519,'2004-06-25'),
(55,55,'Clemence Baish',4342356,'1995-03-22'),
(56,56,'Gayelord Blethin',5391275,'1993-01-28'),
(57,57,'Woodrow Markwelley',1557011,'2002-02-21'),
(58,58,'Dorie Vella',5678566,'1999-02-17'),
(59,59,'Shelley Slidders',4961732,'1995-03-19'),
(60,60,'Nissa Twell',5564315,'2000-12-13'),
(61,61,'Romy Flexman',1953945,'2003-08-14'),
(62,62,'Charla Willets',1786868,'1991-10-22'),
(63,63,'Waverley Betchley',3490508,'1996-02-15'),
(64,64,'Ciel Stow',3627282,'2009-11-03'),
(65,65,'Iorgos Gamet',1792009,'1993-10-07'),
(66,66,'Dun Boness',4627531,'1999-12-07'),
(67,67,'Cash Isson',3505177,'2000-09-15'),
(68,68,'Albie Filipczynski',5061621,'1993-11-09'),
(69,69,'Archie Schaffel',2463190,'2007-02-12'),
(70,70,'Lorianna Garron',2437341,'2005-12-25'),
(71,71,'Tiphany Tchaikovsky',1802641,'1997-08-22'),
(72,72,'Inger Lohrensen',5838337,'2000-06-13'),
(73,73,'Brockie Slogrove',3497983,'1991-04-29'),
(74,74,'Verine Edon',3954881,'2006-08-14'),
(75,75,'Christoper Bernard',1738173,'1993-07-21'),
(76,76,'Goldia Escalera',3360664,'1997-02-13'),
(77,77,'Elston Bursell',4058997,'2003-11-02'),
(78,78,'Hillard Slowley',5245755,'1990-09-28'),
(79,79,'Lucien Stopps',3371653,'2006-07-05'),
(80,80,'Thornie Fulun',1050086,'2007-07-10'),
(81,81,'Ollie Farryan',5434009,'1990-06-22'),
(82,82,'Georgeanna Bassick',3510248,'1991-02-09'),
(83,83,'Emilia Zanneli',5203943,'1997-12-27'),
(84,84,'Rivy Abbs',3371639,'2001-11-02'),
(85,85,'Letta Edmund',1271707,'1990-06-19'),
(86,86,'Brier Mariel',1264147,'2009-01-29'),
(87,87,'Gerik Haliday',5667679,'1992-01-08'),
(88,88,'Keelby Ritmeyer',1191241,'1998-10-07'),
(89,89,'Lynn Ide',5114889,'2010-06-21'),
(90,90,'Klarika Petford',4881313,'2006-02-19'),
(91,1,'Daloris Waple',4156215,'2007-07-16'),
(92,2,'Lin Yackiminie',5771047,'1996-08-21'),
(93,3,'Karoly Pavolini',5215194,'2002-05-05'),
(94,4,'Frederick Gopsell',2284131,'2005-01-24'),
(95,5,'Keely Simpkins',1265219,'1999-06-11'),
(96,6,'Siouxie Grodden',4646883,'2004-02-25'),
(97,7,'Manya Pittendreigh',3585134,'1997-11-18'),
(98,8,'Kaylil Heasman',1608644,'1994-05-21'),
(99,9,'Allie Jacquot',1165191,'2003-11-16'),
(100,10,'Lilian Janku',3159437,'2007-02-05'),
(101,11,'Venus Dexter',3416978,'1994-03-31'),
(102,12,'Roch Greengrass',2441078,'1994-10-02'),
(103,13,'Adele Twatt',2741152,'2007-02-17'),
(104,14,'Phillida Dixson',2620487,'1992-10-31'),
(105,15,'Maud MacColm',4769671,'1999-11-12'),
(106,16,'Claribel Ellum',2038654,'2008-01-26'),
(107,17,'Laurette Grendon',2556722,'1997-01-30'),
(108,18,'Brit Brogini',5384293,'2001-03-14'),
(109,19,'Roscoe Vogele',3898155,'2010-11-27'),
(110,20,'Terry Maffini',3372235,'1993-05-30'),
(111,21,'Ludovico Teal',4115446,'2001-09-06'),
(112,22,'Angelo Bemment',3540953,'1999-04-03'),
(113,23,'Karissa Burds',4287553,'2006-11-29'),
(114,24,'Laure Sandland',5780329,'2002-03-20'),
(115,25,'Sherlock MacCrachen',1327250,'1999-09-02'),
(116,26,'Gabbie Smye',3340037,'1994-02-11'),
(117,27,'Nissie Dumberrill',5457287,'1990-04-30'),
(118,28,'Mile Lowson',3051410,'1999-07-28'),
(119,29,'Georges Pancost',2731747,'2000-07-02'),
(120,30,'Joscelin Benedict',4555290,'2007-08-29'),
(121,31,'Hedi Downs',2292281,'2009-01-23'),
(122,32,'Marley Stobbart',4525943,'2005-08-03'),
(123,33,'Patrick Corp',4324004,'2008-11-19'),
(124,34,'Marlene Kiessel',1298930,'2008-04-28'),
(125,35,'Reinwald Gibbard',5998987,'1999-02-10'),
(126,36,'Reggis Mattiuzzi',5232590,'1997-11-12'),
(127,37,'Staffard Stanlock',1587913,'2002-06-29'),
(128,38,'Robb Pregal',1718583,'2010-12-09'),
(129,39,'Jayme Rheaume',1490925,'2003-03-12'),
(130,40,'Quintina Bartens',5518160,'1990-07-30'),
(131,41,'Ransom Hulatt',5574772,'2008-05-31'),
(132,42,'Stephenie Mutter',4698918,'2006-03-31'),
(133,43,'Kara-lynn Kerfod',5264282,'2000-01-10'),
(134,44,'Dionne Ivankovic',2367598,'2010-12-12'),
(135,45,'Briant Tierny',5765082,'2008-09-12'),
(136,46,'Nydia Guyver',3195212,'2001-12-15'),
(137,47,'Cicely Rosebotham',3952885,'1990-12-12'),
(138,48,'Dorie Bertholin',5694420,'2001-07-30'),
(139,49,'Valry Wisbey',5061466,'2008-01-01'),
(140,50,'Jori Deevey',4289444,'1990-10-22'),
(141,51,'Natasha Tout',3427773,'2006-12-27'),
(142,52,'Carmita Bunstone',2669385,'1991-09-21'),
(143,53,'Helaina Hackworth',2302620,'2007-10-15'),
(144,54,'Paulie Strognell',4982954,'1995-11-27'),
(145,55,'Sebastien Atyeo',2942277,'2007-11-18'),
(146,56,'Roselin Vanni',3333477,'1994-04-04'),
(147,57,'Bill Murr',5662195,'2004-11-14'),
(148,58,'Clementius Kertess',1848799,'1993-11-07'),
(149,59,'Mara Killgus',4719419,'1997-08-18'),
(150,60,'Valeria Tzar',5968420,'1999-07-02'),
(151,61,'Janna Corbridge',1503774,'2005-01-01'),
(152,62,'Kelsy Dispencer',2140329,'2004-09-03'),
(153,63,'Cam Stroud',2966521,'2006-05-07'),
(154,64,'Byrann Galier',5689222,'2007-03-29'),
(155,65,'Hube Moutray Read',3123461,'2008-09-18'),
(156,66,'Edna Warlowe',4822581,'1998-08-01'),
(157,67,'Deirdre Reekie',1212081,'2009-08-16'),
(158,68,'Karilynn Jellyman',1319767,'2004-05-06'),
(159,69,'Torrin Raddish',2039058,'1990-08-21'),
(160,70,'Stephi Threadkell',4928102,'2000-05-04'),
(161,71,'Liam Counter',5400033,'2000-08-01'),
(162,72,'Marielle Chiechio',3060623,'2002-05-13'),
(163,73,'Chelsea Schettini',1679705,'2008-03-15'),
(164,74,'Tally Rzehor',5369149,'2001-07-16'),
(165,75,'Jaclin Attwell',1818010,'2009-08-29'),
(166,76,'Boyd Tregear',3182805,'2006-11-15'),
(167,77,'Daphna Humby',1622447,'2006-07-10'),
(168,78,'Spike Timlett',3600814,'1990-09-05'),
(169,79,'Quentin Starbuck',5367059,'1992-03-18'),
(170,80,'Patsy Hassekl',2707620,'2000-04-10'),
(171,81,'Ashia Tocher',5052324,'1995-11-15'),
(172,82,'Evonne O\'Corrigane',5612919,'2010-01-20'),
(173,83,'Harlie Philimore',3915712,'2003-09-11'),
(174,84,'Sue Wapplington',1008867,'1993-05-03'),
(175,85,'Gery Fibben',2413445,'1996-01-06'),
(176,86,'Darb McKendry',5239153,'1996-10-31'),
(177,87,'Eachelle Lidgate',4653133,'2001-08-28'),
(178,88,'Layney Scandrett',4936676,'2009-10-03'),
(179,89,'Tatum Bullingham',3734744,'2009-07-19'),
(180,90,'Leisha Parks',1733307,'1998-03-30'),
(181,1,'Worthy Fursland',2444415,'2006-02-03'),
(182,2,'Myrlene Pestell',1721149,'1991-03-26'),
(183,3,'Jesse Wartonby',4881906,'1993-08-06'),
(184,4,'Herc Sneden',4448952,'1992-03-25'),
(185,5,'Deirdre Dracey',2515418,'1999-06-03'),
(186,6,'Rolando Denington',1462852,'1995-05-19'),
(187,7,'Bryana Cuttin',3263764,'2008-08-11'),
(188,8,'Marlyn Rickasse',5272030,'1992-12-19'),
(189,9,'Corabel Greenhough',2552319,'2005-05-22'),
(190,10,'Stella Darington',3745426,'1995-03-03'),
(191,11,'Erny Pasque',5338903,'1999-11-09'),
(192,12,'Cherianne Heynel',2197054,'2008-01-16'),
(193,13,'Kimmi Barthrop',4001847,'2000-06-29'),
(194,14,'Kimmie Darbishire',5551558,'2004-02-14'),
(195,15,'Tiff Strowthers',1611549,'2003-09-10'),
(196,16,'Katine Randalson',4435097,'2000-06-19'),
(197,17,'Leo Riccioppo',4121483,'2003-01-23'),
(198,18,'Solomon Scarth',4776175,'1992-08-11'),
(199,19,'Lindsey Ralton',5039582,'1991-11-05'),
(200,20,'Brandtr Pee',3711016,'2004-04-14'),
(201,21,'Brooke Sherme',3009515,'2003-08-20'),
(202,22,'Hewitt Tarbert',3831857,'2002-02-27'),
(203,23,'Roddie Arkin',3798914,'1998-02-25'),
(204,24,'Raine Maccrae',1988923,'2008-04-29'),
(205,25,'Felicdad Ainscough',5076542,'1999-06-28'),
(206,26,'Schuyler Cantos',4052048,'1990-02-28'),
(207,27,'Leela Urey',1125193,'1999-04-10'),
(208,28,'Juliette Dincey',5387371,'2001-08-21'),
(209,29,'Kassey Kenningham',1237516,'1992-10-24'),
(210,30,'Deana Mixture',2013868,'2009-02-28'),
(211,31,'Wren Costelloe',5992806,'2001-03-24'),
(212,32,'Claudia Ehrat',3918964,'2008-12-14'),
(213,33,'Uriel Horlock',2147425,'1995-09-27'),
(214,34,'Emelen Jolland',4237955,'1991-02-02'),
(215,35,'Jarret Domoni',3039204,'1997-12-09'),
(216,36,'Rex Cardoe',3015531,'2009-09-17'),
(217,37,'Cindee Buckam',5991699,'1996-05-04'),
(218,38,'Jedidiah Gley',4751710,'1996-03-03'),
(219,39,'Hillary Starten',4909464,'2003-08-07'),
(220,40,'Sauveur Greener',5262065,'2003-10-19'),
(221,41,'Jimmy Jehaes',2040636,'2006-02-25'),
(222,42,'Dominique MacGilmartin',1300043,'1997-07-12'),
(223,43,'Terry Osbaldeston',5432921,'2010-01-09'),
(224,44,'Franky Collard',1682846,'1999-07-21'),
(225,45,'Mable Doyley',1905488,'2007-01-22'),
(226,46,'Dani Dionsetti',3338647,'1995-01-22'),
(227,47,'Zea Penke',3846624,'1991-05-21'),
(228,48,'Margaret De Souza',4952536,'1993-01-25'),
(229,49,'Delcine Leifer',1604251,'1999-05-02'),
(230,50,'Giulia Karpenko',4480167,'1999-01-01'),
(231,51,'Alyson Clearie',1923138,'1992-09-05'),
(232,52,'Orson Jurges',4459365,'1997-09-03'),
(233,53,'Gayel Tessyman',2779580,'2006-05-11'),
(234,54,'Alena Ingreda',1329324,'2003-10-12'),
(235,55,'Doria Pavlasek',1493951,'1998-07-09'),
(236,56,'Flori Abrahami',3631690,'2006-04-16'),
(237,57,'Rozella Groucock',1711920,'1996-12-29'),
(238,58,'Ahmad Cabena',3346874,'2010-06-11'),
(239,59,'Natal Pepperd',2825414,'1992-12-23'),
(240,60,'Gregor Bickerdicke',1785935,'2002-06-07'),
(241,61,'Emelyne Worral',2914762,'2004-07-12'),
(242,62,'Rem McQuilty',5276495,'2001-02-18'),
(243,63,'Elinore Gumary',3258586,'1992-11-27'),
(244,64,'Maud Mackriell',5411729,'1995-03-25'),
(245,65,'Stinky Baggaley',3206112,'1995-05-29'),
(246,66,'Rowland Wroughton',5299915,'2003-07-30'),
(247,67,'Ann Schulze',2844531,'2000-08-12'),
(248,68,'Cassey Edridge',3812330,'2001-09-29'),
(249,69,'Say Werny',1483013,'2004-12-09'),
(250,70,'Allin Vairow',4917905,'2010-04-05'),
(251,71,'Tucky Andren',5948604,'2007-07-22'),
(252,72,'Roxy McIlwain',1085243,'2001-11-16'),
(253,73,'Thaddeus Lyons',5556216,'2001-11-06'),
(254,74,'Thaxter Summerside',5229842,'1999-04-07'),
(255,75,'Maris Gilpin',1409175,'2003-03-27'),
(256,76,'Corey Gully',2617639,'1991-05-06'),
(257,77,'Rennie Toffaloni',3081926,'1994-04-23'),
(258,78,'Judas Musto',4675832,'1999-07-13'),
(259,79,'Edin McKinstry',3563306,'2005-10-27'),
(260,80,'Goldy Ewbach',2207813,'1996-08-08'),
(261,81,'Darryl Parmby',5577989,'2001-12-13'),
(262,82,'Bridgette Meiklam',4399812,'2010-08-24'),
(263,83,'Deane McCaughren',2668096,'1994-11-26'),
(264,84,'Cristian Geratasch',1337579,'2009-11-05'),
(265,85,'Red Strelitzer',4174234,'1992-11-25'),
(266,86,'Nadiya Yerlett',5432928,'2005-07-21'),
(267,87,'Darryl Cranny',3252999,'2005-11-17'),
(268,88,'Junia Meers',3151211,'2007-10-30'),
(269,89,'Kalinda Dibb',4294164,'2007-10-24'),
(270,90,'Joshuah Ramelot',3195209,'2001-10-01'),
(271,1,'Bambie Cattermull',4451694,'2006-06-16'),
(272,2,'Kahaleel Sivills',5181282,'1999-05-08'),
(273,3,'Darleen Pauley',5264288,'2008-02-10'),
(274,4,'Laurel Gaine of England',2512462,'1996-07-19'),
(275,5,'Cortie Quartly',2710531,'1991-08-27'),
(276,6,'Lorna MacInnes',5786320,'1992-04-07'),
(277,7,'Leon Ruddick',4764551,'2002-07-04'),
(278,8,'Ramsay Scurry',3974089,'1992-06-24'),
(279,9,'Walther Peacham',1427700,'1993-10-09'),
(280,10,'Kimmi Haddon',5003350,'1999-03-09'),
(281,11,'Enriqueta McDonnell',4229460,'1994-06-04'),
(282,12,'Addy Dover',3227874,'2007-10-18'),
(283,13,'Mallory Oosthout de Vree',3777567,'2005-08-03'),
(284,14,'Rozina Outram',4983495,'1992-03-09'),
(285,15,'Octavia Cockerell',2874511,'1994-02-12'),
(286,16,'Davidde Gier',3608154,'2000-02-21'),
(287,17,'Marcela Haggarty',3151471,'2005-11-30'),
(288,18,'Ariela Jochen',3616668,'2008-10-14'),
(289,19,'Aurelia Willatts',3438518,'1994-01-17'),
(290,20,'Edwina Ridesdale',2892643,'1992-05-27'),
(291,21,'Vinny Bugbee',2287324,'2003-06-10'),
(292,22,'Moreen Hacket',4306899,'1997-05-28'),
(293,23,'Brucie Gobel',4853020,'1998-10-27'),
(294,24,'Suzi Logan',3512199,'2008-04-05'),
(295,25,'Abigale Dubber',5772255,'2005-07-30'),
(296,26,'Sterne Ferson',2015143,'2008-08-17'),
(297,27,'Wylma Timson',5361551,'2002-10-05'),
(298,28,'Diane Filyaev',2005057,'1996-10-15'),
(299,29,'Noellyn Partleton',3779543,'1996-01-10'),
(300,30,'Herbert Leneham',3850668,'1992-05-07'),
(301,31,'Baird Byres',1868342,'1998-10-15'),
(302,32,'Coral Visco',3152998,'2002-05-16'),
(303,33,'Jade Robilliard',3948896,'2001-12-07'),
(304,34,'Lyell Habbergham',4862311,'1999-06-15'),
(305,35,'Berty Collinwood',2110878,'2002-12-02'),
(306,36,'Loralee Hounsom',5608919,'1999-06-28'),
(307,37,'Bren Dring',4217384,'1996-05-22'),
(308,38,'Vanny Proffer',5372567,'1996-03-13'),
(309,39,'Chicky Bruyntjes',1091377,'1992-12-01'),
(310,40,'Bradley MacKomb',1616543,'1994-03-22'),
(311,41,'Gloriane Rossey',3988864,'1990-10-14'),
(312,42,'Ashil Sevitt',4567496,'2005-05-26'),
(313,43,'Mathilde Sigg',3343633,'2002-01-03'),
(314,44,'Freeland Han',3673893,'1997-01-27'),
(315,45,'Lionel Udell',3692031,'2006-03-28'),
(316,46,'Sibley Lisamore',5767727,'1996-05-08'),
(317,47,'James Snowsill',3232414,'1999-12-21'),
(318,48,'Marysa Bisson',2649866,'2003-04-24'),
(319,49,'Zorana Anespie',4518662,'1995-11-25'),
(320,50,'Veronike Velareal',4401981,'1998-12-30'),
(321,51,'Evered Brion',5131066,'2007-03-11'),
(322,52,'Shep Rosevear',5942729,'2010-02-23'),
(323,53,'Saunderson Roseblade',3779829,'2003-04-25'),
(324,54,'Geri Jaeggi',3915423,'2002-10-08'),
(325,55,'Natalie Kubal',4093664,'1998-06-20'),
(326,56,'Melisent Estick',4779029,'2007-09-01'),
(327,57,'Faye Pomfret',4106920,'1998-02-25'),
(328,58,'Caryl Roubert',2547698,'2001-05-29'),
(329,59,'Cyril Comiskey',1091599,'2006-11-04'),
(330,60,'Tucky Finlow',4558015,'2000-02-24'),
(331,61,'Mace Williams',2585013,'1994-02-12'),
(332,62,'Irene Toffaloni',2644296,'2007-08-05'),
(333,63,'Levin Halmkin',3274154,'2003-06-17'),
(334,64,'Austin Chene',3364420,'2001-05-26'),
(335,65,'Constancy Wigfield',3018150,'2005-08-20'),
(336,66,'Russ Von Hindenburg',2345182,'2000-05-29'),
(337,67,'Meade Burtonshaw',4499932,'2003-05-08'),
(338,68,'Carin Jouannin',5079307,'1998-08-17'),
(339,69,'Godwin Blackmuir',3872019,'2008-12-05'),
(340,70,'Brenna Weekes',1330925,'1999-05-04'),
(341,71,'Daffie Borton',3226065,'1997-03-01'),
(342,72,'Beatrix Ferron',4635522,'2002-06-18'),
(343,73,'Tiphani Dorsett',4747558,'1997-08-11'),
(344,74,'Gill Filchagin',3876508,'1996-07-31'),
(345,75,'Bailie Mayer',3848122,'1994-11-17'),
(346,76,'Boot Ollet',4806248,'1995-04-04'),
(347,77,'Zachariah Branford',2387022,'2004-08-09'),
(348,78,'Mike Kevlin',5732498,'2002-04-01'),
(349,79,'Geri Whitrod',2974750,'2005-03-23'),
(350,80,'Jackquelin Coull',4917457,'1999-08-10'),
(351,81,'Sissy Seally',3920448,'1994-02-14'),
(352,82,'Adams Crosier',1509638,'2007-02-19'),
(353,83,'Meryl Mummery',2521638,'1994-01-05'),
(354,84,'Armin Clunan',4212832,'1992-07-03'),
(355,85,'Raymund Fosserd',5546391,'2006-06-28'),
(356,86,'Shaughn Fayne',3283658,'2009-12-14'),
(357,87,'Ileana Joskovitch',2750626,'1999-12-03'),
(358,88,'Patrizius Boggon',4783771,'2000-06-28'),
(359,89,'Lanae Lafuente',4932319,'2009-01-10'),
(360,90,'Celisse Carlozzi',2792380,'1999-07-25'),
(361,1,'Wenonah Steanson',2715597,'2001-12-25'),
(362,2,'Amandie Wykey',5961055,'2010-06-28'),
(363,3,'Pablo Farris',4105020,'2001-12-23'),
(364,4,'Thacher Mawer',2546370,'2007-08-28'),
(365,5,'Ingelbert Cammell',3373216,'1991-04-10'),
(366,6,'Loy Gerwood',1173181,'1991-11-26'),
(367,7,'Cullan Hallard',4815868,'2006-06-11'),
(368,8,'Candra Vedyaev',4160947,'1994-11-30'),
(369,9,'Levey Flockhart',2357441,'2004-09-16'),
(370,10,'Terrell Halsall',4726395,'1994-08-13'),
(371,11,'Dickie Aird',2495709,'2007-07-04'),
(372,12,'Amaleta Nance',3224115,'2002-06-15'),
(373,13,'Orly Reiach',1597160,'1992-01-29'),
(374,14,'Gerald Grimbaldeston',5562499,'1992-02-20'),
(375,15,'Laural Ingon',1609559,'2006-06-05'),
(376,16,'Chadwick Stearn',2583952,'1998-08-01'),
(377,17,'Aube Scutter',2156052,'2007-09-13'),
(378,18,'Ileane Atherley',3108373,'2004-07-05'),
(379,19,'Whittaker Karpenya',5017539,'2010-11-18'),
(380,20,'Ilise Beeckx',2735898,'2005-12-30'),
(381,21,'Anastasie O\'Callaghan',5135909,'2001-08-29'),
(382,22,'Amos Garwood',5715370,'2006-03-10'),
(383,23,'Lynett Gretton',2519700,'2000-02-23'),
(384,24,'Robert Cotillard',3015836,'1992-09-01'),
(385,25,'Bartram Redgrove',5025005,'1994-06-20'),
(386,26,'Josh Fosse',5883027,'2004-08-06'),
(387,27,'Dmitri Wasielewicz',5031995,'2000-11-14'),
(388,28,'Anallise Tottman',1095893,'2002-05-31'),
(389,29,'Alvan Wormald',3368961,'2006-07-18'),
(390,30,'Swen McDonogh',1929676,'1995-02-25'),
(391,31,'Linoel Lambarton',4460416,'2008-09-03'),
(392,32,'Munroe Sinnie',2414462,'1994-01-28'),
(393,33,'Andriana Harcus',4786921,'2008-02-04'),
(394,34,'Neall Bockman',4903158,'2008-06-14'),
(395,35,'Maryrose Sarten',5312539,'1994-06-12'),
(396,36,'Cherye Freund',4722881,'2004-07-08'),
(397,37,'Sheila-kathryn Grendon',3804711,'2010-02-13'),
(398,38,'Cassie Conkling',5024440,'2006-10-02'),
(399,39,'Hallie Forrestor',1736111,'2005-09-05'),
(400,40,'Rae Fielden',1923120,'2002-04-01'),
(401,41,'Maynord Floch',1533350,'1998-08-09'),
(402,42,'Electra Bosnell',4243381,'2008-02-19'),
(403,43,'Ingemar Pharro',4717382,'2007-06-09'),
(404,44,'Coralyn Penhearow',5607725,'2000-10-15'),
(405,45,'Selle Foyston',2265105,'2004-09-19'),
(406,46,'Teodoor Pethrick',3418361,'2010-10-20'),
(407,47,'Francine Stampfer',5339787,'2002-12-11'),
(408,48,'Web Turford',4864737,'1998-11-26'),
(409,49,'Sydelle Cowerd',3179058,'2000-05-01'),
(410,50,'Delmor Barnicott',3707065,'2004-07-20'),
(411,51,'Josefina Test',5322328,'1990-11-13'),
(412,52,'Morissa Tirone',4571181,'2008-06-25'),
(413,53,'Izzy Anniwell',3470118,'2009-09-29'),
(414,54,'Chris Bladder',4295579,'2006-04-13'),
(415,55,'Ad Alchin',5038326,'1992-10-01'),
(416,56,'Chris Liddiatt',2908442,'1994-04-08'),
(417,57,'Kevina Matthewson',1134434,'2001-09-16'),
(418,58,'Anstice Adami',1833064,'2003-06-24'),
(419,59,'Meghan Roy',2913935,'2004-08-03'),
(420,60,'Margarete Duke',4583816,'2002-05-05'),
(421,61,'Dagmar Quinnelly',5054739,'2001-06-11'),
(422,62,'Bartholemy Richly',1781886,'1999-06-21'),
(423,63,'Wainwright Klaassens',3831688,'2005-03-31'),
(424,64,'Ailsun Harradine',5556320,'2006-03-15'),
(425,65,'Fannie Ketteman',4631492,'1991-03-24'),
(426,66,'Roxine McIlwaine',3947400,'1990-08-03'),
(427,67,'Talya Abercromby',2829742,'2010-09-03'),
(428,68,'Lyle Capeling',1174410,'1999-09-28'),
(429,69,'Penny Perton',5950295,'1991-12-07'),
(430,70,'Cleo Maine',2229382,'2008-04-22'),
(431,71,'Vanny Corbishley',3644447,'2003-02-01'),
(432,72,'Rosabella Rowantree',5148918,'2003-12-21'),
(433,73,'Trevor Mulvaney',2561239,'1991-01-05'),
(434,74,'Allayne Bruty',5466538,'1993-11-13'),
(435,75,'Ami Fancourt',5254027,'1998-08-11'),
(436,76,'Brent Meneely',4006620,'1992-03-01'),
(437,77,'John Faveryear',5380921,'2010-10-15'),
(438,78,'Maxy Giannini',5257087,'1999-02-16'),
(439,79,'Marcelo Philipart',3344684,'2006-08-07'),
(440,80,'Chandler Berrill',1507034,'2004-02-10'),
(441,81,'Tamra Garvagh',1603579,'2009-01-03'),
(442,82,'Alis Friese',4296517,'2005-08-25'),
(443,83,'Dannye Saunt',4573713,'2004-04-11'),
(444,84,'Clerc Helin',3360087,'1990-12-24'),
(445,85,'Frank Saull',4737608,'1991-02-01'),
(446,86,'Bernita Tillard',5473675,'1999-10-14'),
(447,87,'Diane-marie Bulfoot',2842232,'1991-07-22'),
(448,88,'Melba Forrington',4812253,'1995-04-02'),
(449,89,'Rheta Linsay',5085279,'2000-01-14'),
(450,90,'Roddy Dooney',3542123,'2007-02-18'),
(451,1,'Leighton Clopton',1144942,'2002-05-11'),
(452,2,'Silvanus Buckthorp',3739359,'1997-08-24'),
(453,3,'Cherye Murdie',3913453,'2006-01-13'),
(454,4,'Worth Datte',5621627,'1990-08-03'),
(455,5,'Klemens Rilton',4902575,'2001-03-11'),
(456,6,'Berri O\'Shirine',4948967,'2006-04-04'),
(457,7,'Harmonie Romeril',4356440,'2004-01-29'),
(458,8,'Jo Atcock',4069670,'2005-01-04'),
(459,9,'Karlene Iacopo',3742143,'2009-11-21'),
(460,10,'Abigael Giacubo',2147744,'1994-05-03'),
(461,11,'Carny Wych',2543844,'2009-10-11'),
(462,12,'Cozmo Pierce',3987371,'1997-11-08'),
(463,13,'Ilaire Putterill',2130565,'2004-10-10'),
(464,14,'Pierrette Davidovics',5968432,'2006-01-18'),
(465,15,'Giffer Wolters',4234709,'1998-05-19'),
(466,16,'Dianemarie Sustins',2785209,'2005-04-18'),
(467,17,'Kareem Swalteridge',4231228,'1994-07-27'),
(468,18,'Montague Steenson',5490379,'2007-01-28'),
(469,19,'Thornton McKew',4386573,'2002-04-01'),
(470,20,'Modesta Giroldi',3203678,'1992-04-12'),
(471,21,'Dulci Gutteridge',1932267,'1990-04-03'),
(472,22,'Shaylyn Buttle',5348354,'1999-03-16'),
(473,23,'Willdon Flag',5035583,'2003-01-01'),
(474,24,'Gwendolin Marlon',1749865,'1997-02-23'),
(475,25,'Maison Ivashinnikov',5928721,'1997-10-14'),
(476,26,'Ariadne Guttridge',1371302,'1996-11-30'),
(477,27,'Emmalee Kach',5638375,'2004-03-30'),
(478,28,'Duff Tinton',3479314,'2001-06-19'),
(479,29,'Adah Hampshire',1150683,'1996-03-03'),
(480,30,'Jaime Flieg',2256987,'2002-02-02'),
(481,31,'Lenard Mayoral',5546717,'1991-07-07'),
(482,32,'Belita Ivons',3386017,'2001-10-27'),
(483,33,'Ethyl Matthessen',4638092,'2000-04-14'),
(484,34,'Benyamin Blesdill',1637648,'1993-08-14'),
(485,35,'Petronia Cribbott',5636045,'1994-03-25'),
(486,36,'Hewett Lowater',2964297,'1995-04-26'),
(487,37,'Olympia Kits',5922059,'2010-10-06'),
(488,38,'Tamqrah Fouracre',3776124,'2006-11-06'),
(489,39,'Lynne Capstack',1847166,'1996-11-10'),
(490,40,'Tally Sprowson',5270451,'2001-04-17'),
(491,41,'Westbrooke Kollaschek',2717980,'1990-10-10'),
(492,42,'Laural McKinty',2276842,'2000-08-12'),
(493,43,'Fancy Buckner',5217512,'1990-02-20'),
(494,44,'Juditha Pollastrino',5349735,'1991-07-28'),
(495,45,'Jarred Curm',2152118,'1995-12-11'),
(496,46,'Andris Mosten',4358144,'1997-03-04'),
(497,47,'Clair Tulleth',3419677,'1994-07-12'),
(498,48,'Minnaminnie Bessett',5905713,'2009-09-15'),
(499,49,'Penn Vercruysse',2156101,'1993-05-04'),
(500,50,'Sadella Garrish',2393633,'2005-07-07'),
(501,51,'Wendeline Vossing',3628066,'2009-06-25'),
(502,52,'Eve Hooks',5602386,'1999-08-08'),
(503,53,'Kacy Lorne',4986372,'2003-06-18'),
(504,54,'Aura Eannetta',3233256,'1996-09-22'),
(505,55,'Suzann Matzl',4100694,'1991-01-12'),
(506,56,'Maurizio Vertigan',2700774,'2005-10-03'),
(507,57,'Raymund Dudgeon',1938474,'2005-09-05'),
(508,58,'Marcus Paice',5769955,'1994-11-02'),
(509,59,'Sharona Tregunna',3988438,'1999-01-21'),
(510,60,'Millard Middup',3259118,'1997-05-28'),
(511,61,'Nesta Crowcher',2722231,'2007-08-05'),
(512,62,'Mathe Eilhart',4933650,'1999-06-19'),
(513,63,'Raine Doige',5820008,'1995-04-07'),
(514,64,'Carolynn McFall',4334926,'1991-09-21'),
(515,65,'Woodman Brocks',1665518,'2001-11-15'),
(516,66,'Cristy Everett',4913988,'1999-09-18'),
(517,67,'Sherman Shoebridge',5384854,'2007-06-24'),
(518,68,'Marjy Franses',2754190,'1991-12-30'),
(519,69,'Orella Morales',4936882,'2005-01-05'),
(520,70,'Barret Fraczak',3644179,'1998-10-07'),
(521,71,'Cordey Smidmor',1764851,'1998-09-05'),
(522,72,'Chrysa Batchelder',5520195,'1994-05-29'),
(523,73,'Carmela Need',1849372,'1993-03-12'),
(524,74,'Jerrylee Spieght',4840870,'2002-02-13'),
(525,75,'Letisha Emor',3310263,'1990-07-25'),
(526,76,'Elvyn Eberdt',2929447,'2006-02-14'),
(527,77,'Adolph Tappington',3339512,'1996-02-08'),
(528,78,'Trudy Brindle',3549220,'2000-11-28'),
(529,79,'Ahmed Goddert.sf',3283290,'2008-06-02'),
(530,80,'Julius Beinisch',2525550,'1990-11-05'),
(531,81,'Cheryl Maydwell',5195111,'1996-12-13'),
(532,82,'Carline Delacroix',5043406,'1990-12-17'),
(533,83,'Durante Reeds',3160599,'2002-07-14'),
(534,84,'Rivkah Frear',3908244,'1997-01-01'),
(535,85,'Jessika Dishmon',4237589,'2005-08-13'),
(536,86,'Angie Brockie',2799117,'2009-06-01'),
(537,87,'Fern Wickwar',5496087,'1994-12-12'),
(538,88,'Coriss Kuschel',1580319,'1999-10-15'),
(539,89,'Kristine Witten',1234265,'2002-11-03'),
(540,90,'Karissa McCunn',4576484,'2001-12-08'),
(541,1,'Felicia Gerald',4937752,'1994-03-14'),
(542,2,'Katrina Cutchey',5774662,'1990-06-05'),
(543,3,'Morganne Bayfield',4769187,'2008-12-23'),
(544,4,'Janna Pensom',3146382,'2009-07-11'),
(545,5,'Lenna Rippingall',1313989,'1996-08-13'),
(546,6,'Lark O\'Rowane',4206145,'2000-04-26'),
(547,7,'Darby Kleeborn',4182799,'2009-10-06'),
(548,8,'Jack Downer',5791782,'2006-03-31'),
(549,9,'Perice Piddlesden',1767996,'2001-02-21'),
(550,10,'Orlan Gisby',2972401,'2006-04-14'),
(551,11,'Paloma Snawden',2051636,'2002-05-24'),
(552,12,'Lorinda Ollier',1089839,'2009-08-20'),
(553,13,'Saraann Bramo',2744480,'1992-11-13'),
(554,14,'Monah Byrkmyr',2662003,'1992-12-02'),
(555,15,'Lanette Martensen',3022320,'2001-11-24'),
(556,16,'Ulick Johantges',3317332,'2002-08-27'),
(557,17,'Ara Jeandot',2449888,'1990-07-07'),
(558,18,'Chaddie Glandfield',4315320,'2007-06-09'),
(559,19,'Ardelle Leavry',4704963,'1998-05-12'),
(560,20,'Iorgo Ciotto',2786707,'2005-12-04'),
(561,21,'Afton Sedman',4671322,'2004-05-29'),
(562,22,'Allegra Hobgen',1736932,'2000-03-11'),
(563,23,'Lyell McGuffie',1788592,'2007-04-29'),
(564,24,'Casar Vargas',1959220,'1990-11-27'),
(565,25,'Goldina Volk',2312372,'2000-10-24'),
(566,26,'Wilbur Allworthy',1635054,'2008-02-02'),
(567,27,'Marmaduke Tallman',2021249,'2003-12-29'),
(568,28,'Hubie Morais',4916195,'2007-08-22'),
(569,29,'Holden Lehrle',3386284,'2007-06-25'),
(570,30,'Andy Florence',3641246,'1999-03-12'),
(571,31,'Joli Raywood',3766472,'2001-01-05'),
(572,32,'Curran Allderidge',4239773,'2002-10-14'),
(573,33,'Lianne Duprey',4894783,'1995-06-18'),
(574,34,'Ferris Ginman',2562826,'1991-02-16'),
(575,35,'Toma Jenk',1673336,'2010-03-16'),
(576,36,'Tobin Flippen',4171239,'2006-05-11'),
(577,37,'Dell Benitez',2529062,'2000-11-13'),
(578,38,'Sharla Nichol',1847819,'1996-12-26'),
(579,39,'Francoise Bertomier',1271603,'2002-06-17'),
(580,40,'Asa Mercik',4326983,'1991-10-11'),
(581,41,'Fred Grube',2052842,'1993-10-17'),
(582,42,'Gilbertine Alexander',4308251,'2001-05-07'),
(583,43,'Dinny Rushbury',1129064,'2007-06-20'),
(584,44,'Chalmers Bravey',2349039,'2007-03-21'),
(585,45,'Buck McGuffie',5320765,'1990-06-04'),
(586,46,'Bessy Janicijevic',2305778,'2003-08-26'),
(587,47,'Annemarie Melluish',5800702,'1991-06-11'),
(588,48,'Deni Fiddymont',3142801,'2001-11-15'),
(589,49,'Robbie Succamore',4693746,'2010-05-24'),
(590,50,'Parry Mattersey',3952001,'2008-03-21'),
(591,51,'Hillary Twiggs',1624396,'2009-12-01'),
(592,52,'Anderson Faldo',5555684,'1997-07-16'),
(593,53,'Fulvia Bridle',4299383,'1997-04-11'),
(594,54,'Raviv Rentz',2148472,'2000-10-05'),
(595,55,'Giordano Bleue',3954634,'2007-10-03'),
(596,56,'Claretta Tomaini',4716090,'1999-07-05'),
(597,57,'Chery Pilbeam',2469350,'1992-04-30'),
(598,58,'Shela McDowell',4273090,'1990-08-06'),
(599,59,'Leese Humbell',2598457,'2003-10-25'),
(600,60,'Happy Szachniewicz',4338581,'1999-07-22'),
(601,61,'Berte MacMurray',2528529,'2001-08-11'),
(602,62,'Vinnie O\'Regan',1842850,'1993-10-23'),
(603,63,'Bree Halmkin',5279906,'1998-04-13'),
(604,64,'Layton Bugdale',2013825,'2002-08-16'),
(605,65,'Pandora Land',4211658,'2010-01-28'),
(606,66,'Minor Risbrough',2501318,'1991-05-01'),
(607,67,'Reena Bediss',3155077,'2004-05-03'),
(608,68,'Rodge Leroux',5355896,'2003-09-28'),
(609,69,'Maighdiln Darrington',5849115,'2002-06-09'),
(610,70,'Talbert Mariyushkin',4953435,'2004-06-20'),
(611,71,'Kaye Biggins',5949323,'2002-09-01'),
(612,72,'Jackson Bools',5419167,'1993-03-23'),
(613,73,'Leesa Troucher',2500353,'1995-08-15'),
(614,74,'Rosalinde Redmille',5913723,'1999-05-07'),
(615,75,'Teodora Tordoff',5160763,'2000-01-28'),
(616,76,'Thaddus Naper',3849900,'2004-05-29'),
(617,77,'Karna McGilvary',3949104,'1992-03-20'),
(618,78,'Alanah Picken',1068696,'2005-06-06'),
(619,79,'Angeline McDougal',1469467,'2009-07-07'),
(620,80,'Dinnie Chesterton',4714457,'1994-05-15'),
(621,81,'Jacqueline Soltan',4655553,'2006-09-22'),
(622,82,'Lief Skelhorn',2484845,'1991-01-17'),
(623,83,'Heath Rennison',5126244,'1997-10-01'),
(624,84,'Colman Myderscough',3299889,'2006-04-25'),
(625,85,'Bobby Schimonek',2017968,'1990-03-24'),
(626,86,'Carson Gleder',1694456,'1990-05-19'),
(627,87,'Keriann MacKerley',4510835,'1992-05-22'),
(628,88,'Kayne Justis',2497015,'1997-02-16'),
(629,89,'Ula Fairhead',2735947,'2005-09-10'),
(630,90,'Tuckie Witheridge',5494435,'1992-06-07'),
(631,1,'Pollyanna Matthensen',1122398,'2003-06-29'),
(632,2,'Bamby Pigden',5976713,'1993-03-25'),
(633,3,'Brittaney Amsberger',5090072,'1993-07-16'),
(634,4,'Idette Sweeting',3106089,'2010-04-30'),
(635,5,'Sherline Putman',3115602,'1998-01-29'),
(636,6,'Marielle Brymner',5529724,'1991-02-02'),
(637,7,'Perice Degnen',4215036,'1990-06-12'),
(638,8,'Sigfrid Eaton',4184408,'1998-06-23'),
(639,9,'Lanni Currer',5778870,'2009-04-14'),
(640,10,'Demetre Jamrowicz',2407209,'2010-07-22'),
(641,11,'Trula Elloit',2624256,'1997-09-16'),
(642,12,'Aeriela Piccop',1588670,'1993-09-28'),
(643,13,'Ashlan Scarse',5656816,'2010-03-04'),
(644,14,'Letti Spinetti',4526064,'2001-06-21'),
(645,15,'Bobby Shingfield',2606292,'1997-10-06'),
(646,16,'Enriqueta Tippett',4635963,'2006-05-27'),
(647,17,'Prescott Faloon',5644455,'1999-01-22'),
(648,18,'Merle Softley',1620893,'1993-11-17'),
(649,19,'Ezmeralda Hickisson',4790573,'1993-08-18'),
(650,20,'Mario Mahmood',3284549,'1998-10-26'),
(651,21,'Matt Manwell',5699319,'2006-08-03'),
(652,22,'Tito Pirrie',2140202,'2008-08-19'),
(653,23,'Elset Sivier',3323727,'2005-10-22'),
(654,24,'Billie Etienne',4860986,'1999-12-31'),
(655,25,'Aprilette Tromans',1230196,'2009-06-13'),
(656,26,'Lana Laycock',2297084,'2000-03-11'),
(657,27,'Tamera Elcombe',4213828,'1997-01-23'),
(658,28,'Gilligan Robic',1410003,'2001-04-01'),
(659,29,'Steffen Weddeburn',3346672,'2005-02-06'),
(660,30,'Madlen Davenell',5563464,'2003-09-05'),
(661,31,'Roth Ilewicz',2252603,'1999-05-27'),
(662,32,'Clem Ince',4666988,'1996-06-28'),
(663,33,'Persis Jorat',2606587,'1995-06-26'),
(664,34,'Hayyim Lenham',2997394,'2010-01-12'),
(665,35,'Onfre Moscon',4116209,'1994-07-31'),
(666,36,'Anneliese Robelin',1844667,'2002-06-15'),
(667,37,'Peirce Jeanes',2290604,'2002-07-31'),
(668,38,'Analise Sarchwell',4575673,'1995-03-05'),
(669,39,'Feodor Kinnier',5655641,'2006-03-14'),
(670,40,'Milty Dani',3387816,'1994-12-08'),
(671,41,'Moria Claffey',3795033,'2009-11-12'),
(672,42,'Pancho Fetherstan',5156434,'1991-10-15'),
(673,43,'Shaine Iskowicz',1469369,'2000-02-25'),
(674,44,'Lorianne Kehoe',2538870,'2007-05-25'),
(675,45,'Joli Kevis',5489526,'1991-02-07'),
(676,46,'Brita Bickerstaff',5653514,'2008-02-07'),
(677,47,'Averil Dunseith',2971268,'1992-02-24'),
(678,48,'Iolanthe McUre',3153658,'1990-12-15'),
(679,49,'Lianne Issacov',1979965,'2004-12-08'),
(680,50,'Jewelle Shallow',5449957,'2000-12-07'),
(681,51,'Fionna Coveny',5402506,'1999-10-03'),
(682,52,'Abram Blayney',3097378,'2004-03-06'),
(683,53,'Jayne Trenbay',3215665,'1993-03-02'),
(684,54,'Garfield Higginbottam',2244056,'1993-06-12'),
(685,55,'Dante Fahrenbach',2669433,'1997-11-10'),
(686,56,'Allys Rentz',3584072,'2004-03-31'),
(687,57,'Rowan Dunstan',3781169,'1990-11-03'),
(688,58,'Christyna Rymer',5416354,'2005-12-11'),
(689,59,'Bellina Cridland',1434208,'2008-10-03'),
(690,60,'Matthiew Kenward',2125944,'2001-01-12'),
(691,61,'Isabeau Shyre',3458376,'2006-09-14'),
(692,62,'Sharl Longmire',4221388,'1995-08-19'),
(693,63,'Hulda Vasovic',3818659,'2008-10-12'),
(694,64,'Ivy Keepence',1158775,'1993-08-07'),
(695,65,'Monti Sharram',5973673,'2007-05-03'),
(696,66,'Laurianne Asken',5917235,'2008-12-04'),
(697,67,'Alleyn Mollett',5122358,'2007-08-02'),
(698,68,'Innis Forryan',1611276,'1997-10-06'),
(699,69,'Ade Found',5708840,'2000-11-27'),
(700,70,'Yorgos Farfull',3241531,'2002-12-02'),
(701,71,'Melosa Withrington',1980774,'2010-06-15'),
(702,72,'Mari Anney',2667689,'2008-01-20'),
(703,73,'Wally Halsey',5481094,'1992-03-28'),
(704,74,'Meriel Jovanovic',3473048,'1998-10-20'),
(705,75,'Kinnie Attle',2034323,'2006-04-20'),
(706,76,'Viv Meaker',4564359,'1999-09-21'),
(707,77,'Eldin Mumbeson',4298800,'1990-03-26'),
(708,78,'Doyle Heater',5951462,'1991-12-27'),
(709,79,'Albert Wibberley',2371480,'1991-04-18'),
(710,80,'Adolphus Brewerton',4625030,'1991-09-13'),
(711,81,'Abigale Harp',2378379,'2003-03-14'),
(712,82,'Whitney Caslin',2946129,'2007-02-26'),
(713,83,'Stanly Cline',2832479,'2001-03-28'),
(714,84,'Lorant Remon',1888512,'2010-06-02'),
(715,85,'Jerrilee Waymont',4084146,'1991-06-09'),
(716,86,'Stafani Cadamy',1186971,'2001-05-07'),
(717,87,'Finley Muddiman',1056103,'1996-11-06'),
(718,88,'Ulla Woodroof',2521504,'2003-08-18'),
(719,89,'Derron MacDonogh',3924744,'1993-08-06'),
(720,90,'Dniren Quare',3943898,'1998-09-27'),
(721,1,'Edd Twiddle',3619924,'2003-07-15'),
(722,2,'Annora Kennady',3755122,'2008-08-08'),
(723,3,'Ebeneser Grimsley',5659886,'1990-01-18'),
(724,4,'Emyle Altoft',2915495,'2008-10-05'),
(725,5,'Grata Lannon',3760692,'1996-06-16'),
(726,6,'Ruthann Cankett',4660662,'2007-01-04'),
(727,7,'Gonzalo Bernholt',5459356,'1998-07-24'),
(728,8,'Gisella Sheivels',1316084,'2008-12-22'),
(729,9,'Christophe Willavoys',3533814,'2000-01-14'),
(730,10,'Helyn Grundell',2077226,'2001-02-11'),
(731,11,'Shannon Talby',2415492,'2007-01-06'),
(732,12,'Cammie Busfield',1469656,'1999-10-12'),
(733,13,'Willabella Donaghy',2584488,'2007-11-19'),
(734,14,'Birdie Radnage',5766644,'1999-11-18'),
(735,15,'Codi Worpole',5924090,'1993-01-03'),
(736,16,'Guilbert Peyton',5626258,'2009-10-31'),
(737,17,'Cris Philo',5237608,'2003-04-04'),
(738,18,'Des Erangy',4542154,'2004-09-08'),
(739,19,'Shanie Boriston',3840774,'2009-06-20'),
(740,20,'Elvira Schroeder',4344714,'2004-02-08'),
(741,21,'Othilia Keward',2715426,'1994-07-08'),
(742,22,'Rockey Bluett',5019636,'1991-09-12'),
(743,23,'Ludvig Hellikes',2506446,'2000-03-30'),
(744,24,'Isiahi Putterill',1938450,'1995-02-12'),
(745,25,'Gina Hartle',1477550,'2000-07-13'),
(746,26,'Camile Manderson',1751455,'1990-09-26'),
(747,27,'Quintin Koubu',2437837,'2001-05-05'),
(748,28,'Keslie Finding',5613313,'2006-10-17'),
(749,29,'Myra Whelpton',4685135,'2005-04-13'),
(750,30,'Ashlin Full',3005487,'1999-04-12'),
(751,31,'Gilda Gowans',1339558,'2009-11-15'),
(752,32,'Dukie Courage',5975312,'2005-10-15'),
(753,33,'Bunni Allan',4266999,'2009-10-03'),
(754,34,'Lynn Dahle',1028704,'2010-10-11'),
(755,35,'Ashely Setchfield',1049047,'2007-03-17'),
(756,36,'Paula Ughini',1037823,'1996-05-27'),
(757,37,'Ellswerth Twelftree',1989812,'2005-04-21'),
(758,38,'Carilyn Pawson',1475392,'1997-01-23'),
(759,39,'Melinda De Few',4297841,'2005-05-27'),
(760,40,'Elsbeth Barthel',3325268,'2007-04-06'),
(761,41,'Jerrie Dallewater',3320746,'1994-05-08'),
(762,42,'Matthus Jeeks',2038965,'2007-08-27'),
(763,43,'Pinchas Vel',4853856,'1994-10-24'),
(764,44,'Bertie Sanbroke',2513606,'2005-07-20'),
(765,45,'Des Ghidelli',5921709,'2001-10-09'),
(766,46,'Jammal Sline',4997590,'2001-08-19'),
(767,47,'Kathy Janeway',5861246,'1996-05-30'),
(768,48,'Carmine Ayars',3614349,'1994-02-01'),
(769,49,'Free Milbourn',3322001,'1992-07-30'),
(770,50,'Mord Friar',3572896,'1998-01-01'),
(771,51,'Mallory Smidmor',1000268,'2009-11-12'),
(772,52,'Jackson Pietersma',1376375,'2006-05-16'),
(773,53,'Hort Bugg',5583743,'2010-12-10'),
(774,54,'Helaina Edeler',2792300,'1998-12-01'),
(775,55,'Katine Scud',1867422,'2007-08-13'),
(776,56,'Tori Swede',4722763,'2008-02-10'),
(777,57,'Cecilia Grinyov',1845673,'2002-03-25'),
(778,58,'Trumaine Winchurch',1382731,'2006-12-06'),
(779,59,'Averill Soper',5938376,'1998-09-24'),
(780,60,'Arturo Bowhey',4769262,'2002-01-17'),
(781,61,'Niel Truggian',4461052,'2006-07-12'),
(782,62,'Thaddus Raubenheimers',2605853,'2009-08-06'),
(783,63,'Iorgos Littlechild',1919821,'2004-05-09'),
(784,64,'Cassandry Lidgey',4032631,'1994-06-26'),
(785,65,'Timmy Huncote',4720893,'2005-06-01'),
(786,66,'Joya Coonan',4271195,'1997-11-13'),
(787,67,'Lavena Burdin',1869993,'1997-07-13'),
(788,68,'Filmore Lax',3932991,'2002-03-22'),
(789,69,'Sonya Stickel',1744695,'2005-09-07'),
(790,70,'Corny Woolf',5245383,'2005-09-14'),
(791,71,'Benjamen Lias',5055691,'1994-01-19'),
(792,72,'Karlie Bolderoe',5834264,'2003-07-22'),
(793,73,'Marty Lathe',5938947,'2010-09-07'),
(794,74,'Eamon Mathonnet',4315314,'1992-05-21'),
(795,75,'Rodger Pelling',3304483,'2009-09-11'),
(796,76,'Kiley Gavrielli',5054267,'1995-11-10'),
(797,77,'Jorey Haime',5860961,'2009-04-26'),
(798,78,'Devin Eakly',3754813,'2003-07-13'),
(799,79,'Tobin Hosten',4717611,'2002-07-21'),
(800,80,'Riki Pirozzi',2325614,'2005-07-04'),
(801,81,'Stormi Petters',5712271,'1994-03-23'),
(802,82,'Athena Alexandersson',4124085,'1992-04-17'),
(803,83,'Ronald Crebbin',3368602,'1991-09-26'),
(804,84,'Tyler Keniwell',3090762,'1995-04-03'),
(805,85,'Yankee Mirams',1020721,'2007-06-07'),
(806,86,'Marci Chapiro',1424299,'2007-03-06'),
(807,87,'Ethelbert Kinrade',5167870,'1993-02-27'),
(808,88,'Drucill Fillery',3921699,'1992-11-17'),
(809,89,'Britta Cronin',5838928,'1993-11-17'),
(810,90,'Leonardo Farfull',4314681,'1991-04-04'),
(811,1,'Olivier Wager',3233786,'1995-01-01'),
(812,2,'Lem Rollinson',5092658,'2006-10-21'),
(813,3,'Loralie McElvine',1671206,'1995-02-25'),
(814,4,'Quintina Pochin',4761990,'1996-04-06'),
(815,5,'Bronny Retallack',4577144,'1991-08-30'),
(816,6,'Sharona Minnis',1617661,'1995-06-24'),
(817,7,'Laurie Starte',4580141,'1996-09-21'),
(818,8,'Bertrando Manwaring',1627168,'1995-09-16'),
(819,9,'Cirillo Kinforth',5448991,'1995-05-01'),
(820,10,'Davina Knapper',1189068,'2006-10-21'),
(821,11,'Yuma Fullard',4270555,'1997-05-06'),
(822,12,'Jerald Tuting',2579474,'2001-12-22'),
(823,13,'Gracia Phizacklea',3618710,'2006-05-15'),
(824,14,'Isa Buche',5206858,'1992-04-11'),
(825,15,'Paulette Stockin',3822300,'2008-03-22'),
(826,16,'Roma Peyto',2543168,'2009-10-18'),
(827,17,'Zelma Belcher',2638053,'2001-06-15'),
(828,18,'Henri Garratty',1489616,'1997-11-12'),
(829,19,'Shaylyn Buzzing',1420283,'2000-01-29'),
(830,20,'Dulci McGruar',2615025,'2005-09-22'),
(831,21,'Jannel Watkin',3006719,'2001-03-13'),
(832,22,'Sibeal Dudgeon',5983250,'2000-10-27'),
(833,23,'Cosetta Rodolfi',5984418,'2003-12-07'),
(834,24,'Stephenie Steinham',4769638,'2000-11-20'),
(835,25,'Casey Markie',1148537,'2004-06-11'),
(836,26,'Daryl Perris',4417913,'1999-06-16'),
(837,27,'Marna Ragg',1103969,'1996-01-06'),
(838,28,'Silva Byer',5431435,'2008-04-26'),
(839,29,'Carie Marconi',4524511,'2004-07-11'),
(840,30,'Elora Shaddock',5400498,'1991-01-23'),
(841,31,'Creighton Seagood',3889874,'2007-10-14'),
(842,32,'Lynn Spring',3775246,'1992-02-13'),
(843,33,'Philippine Moseby',4659703,'2006-07-06'),
(844,34,'Imogene Edelmann',2904436,'1996-08-09'),
(845,35,'Lefty Axtens',5152259,'2006-04-10'),
(846,36,'Vick Lambourn',1176503,'2008-07-11'),
(847,37,'Stirling Sambrook',2818408,'1996-10-18'),
(848,38,'Myrle Towle',4046788,'1995-12-22'),
(849,39,'Essy Hakking',4723344,'2003-06-14'),
(850,40,'Bondon Beincken',5477755,'1996-02-29'),
(851,41,'Alina Rubinsztein',2402208,'1990-06-04'),
(852,42,'Hatti Pershouse',5952693,'2007-09-12'),
(853,43,'Jozef Ionnisian',5776716,'2006-11-07'),
(854,44,'Donalt Jellybrand',5646460,'1997-02-11'),
(855,45,'Grethel Ayliffe',3149196,'1996-01-12'),
(856,46,'Nikola Elnough',4857841,'2007-07-02'),
(857,47,'Meredith Gotts',5867783,'1991-05-25'),
(858,48,'Ola Toe',4494234,'2005-04-23'),
(859,49,'Brose Grint',2275183,'2009-01-21'),
(860,50,'Issi Kiddy',4609301,'1996-09-15'),
(861,51,'Alverta Dalzell',4059970,'1991-07-09'),
(862,52,'Prissie Spillard',1972305,'2007-12-23'),
(863,53,'Phyllys Wynett',2854164,'1995-09-07'),
(864,54,'Arne Silliman',5709987,'1992-12-28'),
(865,55,'Alisun Kempstone',3830753,'1992-05-06'),
(866,56,'Alexio O\'Farrell',3517172,'2001-12-04'),
(867,57,'Miran Campaigne',3081068,'1994-08-24'),
(868,58,'Pat Gawkes',2093560,'1990-01-22'),
(869,59,'Ximenez Praundlin',5735629,'1994-02-27'),
(870,60,'Andy Tregunna',2869184,'1990-02-20'),
(871,61,'Fair Nicely',3959969,'2004-12-06'),
(872,62,'Job Grichukhin',1476057,'1996-08-09'),
(873,63,'Didi Tidbold',3430562,'1996-04-25'),
(874,64,'Terrijo Cordery',5492925,'2005-12-04'),
(875,65,'Nichol Waskett',2221555,'2000-04-26'),
(876,66,'Edmon Perkis',3554738,'2004-12-10'),
(877,67,'Willette Phifer',2291489,'2010-03-24'),
(878,68,'Timoteo Zanotti',4049980,'2008-04-10'),
(879,69,'Yurik Clapp',1749267,'1996-07-01'),
(880,70,'Godiva Cussins',2823858,'1997-01-07'),
(881,71,'Marwin Yeo',5017602,'2005-07-24'),
(882,72,'Fitz Reeken',2244873,'1997-08-04'),
(883,73,'Barb Mowle',2039283,'2003-07-07'),
(884,74,'Trenna Olle',5727888,'1991-05-28'),
(885,75,'Phil Sunley',4899976,'2007-10-05'),
(886,76,'Cindra Kahen',2228247,'2007-08-07'),
(887,77,'Chandal McKniely',4635404,'2005-08-16'),
(888,78,'Clareta Cicero',1226028,'1999-05-12'),
(889,79,'Danice Litherborough',2933003,'2004-01-03'),
(890,80,'Ashby Blacktin',2637129,'2003-07-22'),
(891,81,'Clerissa Slowan',3964337,'1992-02-14'),
(892,82,'Hall Donaghie',5345667,'1990-12-28'),
(893,83,'Moe Martinat',5579964,'2009-11-25'),
(894,84,'Dael Cordle',4038104,'2004-12-21'),
(895,85,'Bethena Askew',1425627,'1999-03-04'),
(896,86,'Sorcha Trenoweth',2928765,'2009-04-22'),
(897,87,'Roberto Stot',5020174,'2005-02-28'),
(898,88,'Max Furman',2125496,'2010-08-04'),
(899,89,'Zared Ace',3136163,'1994-03-22'),
(900,90,'Mahala Kilbane',4197220,'1992-03-19');

/*Table structure for table `penjualan_buku` */

DROP TABLE IF EXISTS `penjualan_buku`;

CREATE TABLE `penjualan_buku` (
  `id_penjualan` int NOT NULL AUTO_INCREMENT,
  `id_buku` int NOT NULL,
  `id_pembeli` int NOT NULL,
  `jumlah_buku` int NOT NULL,
  `tanggal_penjualan` date NOT NULL,
  PRIMARY KEY (`id_penjualan`)
) ENGINE=InnoDB AUTO_INCREMENT=402 DEFAULT CHARSET=utf8mb4 COLLATE=utf8mb4_0900_ai_ci;

/*Data for the table `penjualan_buku` */

insert  into `penjualan_buku`(`id_penjualan`,`id_buku`,`id_pembeli`,`jumlah_buku`,`tanggal_penjualan`) values 
(1,1,1,2,'2023-11-01'),
(2,39,658,3,'2018-12-04'),
(3,37,175,2,'2017-08-05'),
(4,19,18,4,'2021-08-06'),
(5,97,179,1,'2010-12-18'),
(6,66,807,4,'2013-06-23'),
(7,100,333,5,'2018-02-02'),
(8,48,650,3,'2023-07-09'),
(9,16,568,1,'2017-01-10'),
(10,66,412,3,'2008-06-22'),
(11,16,648,3,'2024-07-02'),
(12,23,635,3,'2026-11-12'),
(13,81,739,4,'2021-04-08'),
(14,47,197,2,'2015-12-07'),
(15,7,784,2,'2027-11-24'),
(16,33,691,3,'2025-08-23'),
(17,32,851,3,'2018-07-03'),
(18,92,143,3,'2014-12-24'),
(19,60,276,5,'2019-11-26'),
(20,42,882,5,'2019-08-18'),
(21,52,32,5,'2025-07-09'),
(22,84,92,2,'2004-12-21'),
(23,100,102,4,'2005-01-26'),
(24,48,863,4,'2003-10-05'),
(25,39,446,4,'2019-09-07'),
(26,62,4,2,'2015-01-20'),
(27,75,467,4,'2027-11-17'),
(28,26,409,2,'2009-09-27'),
(29,86,686,1,'2012-01-12'),
(30,49,120,2,'2017-09-20'),
(31,8,413,3,'2012-04-29'),
(32,58,485,4,'2009-04-23'),
(33,57,493,1,'2000-03-15'),
(34,54,377,4,'2024-04-29'),
(35,1,666,5,'2014-05-20'),
(36,32,26,5,'2000-12-05'),
(37,31,313,3,'2025-01-19'),
(38,57,448,4,'2016-04-18'),
(39,40,253,5,'2004-11-06'),
(40,38,324,2,'2012-07-06'),
(41,45,805,4,'2024-03-24'),
(42,55,167,3,'2030-08-16'),
(43,88,153,3,'2011-11-07'),
(44,3,391,4,'2029-10-07'),
(45,29,339,2,'2024-09-04'),
(46,65,369,3,'2001-05-03'),
(47,84,137,5,'2006-08-12'),
(48,27,72,3,'2012-09-17'),
(49,83,297,1,'2026-05-11'),
(50,64,156,3,'2014-06-25'),
(51,59,460,1,'2029-06-30'),
(52,17,186,2,'2007-04-28'),
(53,13,566,3,'2010-01-08'),
(54,27,86,3,'2019-06-08'),
(55,69,238,1,'2024-03-11'),
(56,26,132,4,'2005-04-29'),
(57,17,749,5,'2020-05-26'),
(58,15,749,4,'2021-09-29'),
(59,4,882,1,'2007-01-03'),
(60,63,693,5,'2011-10-09'),
(61,91,37,4,'2008-01-15'),
(62,32,677,1,'2011-06-22'),
(63,30,13,2,'2013-01-31'),
(64,96,431,5,'2020-04-05'),
(65,58,767,5,'2008-01-26'),
(66,35,330,4,'2000-10-01'),
(67,2,91,1,'2023-08-29'),
(68,67,716,5,'2012-11-15'),
(69,18,212,1,'2020-04-22'),
(70,59,74,2,'2029-09-16'),
(71,79,686,3,'2001-09-19'),
(72,20,330,5,'2014-05-25'),
(73,29,357,5,'2027-09-27'),
(74,17,893,5,'2017-01-29'),
(75,82,329,2,'2007-01-28'),
(76,57,721,1,'2023-12-09'),
(77,54,232,4,'2025-04-11'),
(78,23,283,5,'2001-09-07'),
(79,86,368,2,'2025-05-21'),
(80,62,681,3,'2012-01-29'),
(81,68,501,2,'2025-03-09'),
(82,79,449,1,'2001-06-05'),
(83,30,165,4,'2000-07-13'),
(84,62,117,2,'2027-12-15'),
(85,63,136,2,'2026-08-12'),
(86,37,656,2,'2018-09-09'),
(87,71,784,5,'2011-12-03'),
(88,46,433,1,'2008-08-27'),
(89,53,423,1,'2006-08-12'),
(90,57,535,3,'2025-09-08'),
(91,4,749,2,'2018-10-08'),
(92,80,412,5,'2029-05-26'),
(93,85,701,3,'2019-11-08'),
(94,68,764,1,'2001-06-25'),
(95,88,183,3,'2030-07-19'),
(96,44,125,1,'2016-09-16'),
(97,86,721,2,'2025-10-13'),
(98,4,85,1,'2019-08-10'),
(99,36,586,3,'2011-11-02'),
(100,90,567,2,'2018-01-18'),
(101,72,532,2,'2025-04-10'),
(102,1,103,2,'2018-07-26'),
(103,2,810,5,'2007-04-18'),
(104,3,48,5,'2014-10-21'),
(105,4,664,3,'2021-01-19'),
(106,5,400,4,'2015-01-12'),
(107,6,276,3,'2006-02-02'),
(108,7,725,1,'2001-02-08'),
(109,8,108,5,'2004-06-30'),
(110,9,712,1,'2029-04-09'),
(111,10,546,4,'2022-01-25'),
(112,11,414,5,'2022-07-21'),
(113,12,900,5,'2004-11-14'),
(114,13,110,2,'2014-10-02'),
(115,14,717,2,'2023-09-22'),
(116,15,75,5,'2009-09-04'),
(117,16,673,5,'2028-10-12'),
(118,17,696,1,'2018-03-19'),
(119,18,673,1,'2013-10-19'),
(120,19,745,2,'2001-10-20'),
(121,20,101,1,'2007-05-12'),
(122,21,17,4,'2022-09-11'),
(123,22,104,2,'2009-06-16'),
(124,23,642,3,'2023-11-18'),
(125,24,454,5,'2018-08-03'),
(126,25,616,1,'2014-05-12'),
(127,26,892,5,'2016-11-09'),
(128,27,186,2,'2024-05-22'),
(129,28,49,1,'2017-08-31'),
(130,29,776,3,'2014-04-18'),
(131,30,68,1,'2000-01-30'),
(132,31,119,1,'2002-02-26'),
(133,32,628,3,'2025-07-06'),
(134,33,495,4,'2020-04-05'),
(135,34,520,1,'2008-01-23'),
(136,35,257,4,'2013-10-05'),
(137,36,665,3,'2014-09-05'),
(138,37,827,4,'2027-05-09'),
(139,38,72,5,'2002-11-25'),
(140,39,438,3,'2015-11-08'),
(141,40,460,5,'2012-07-07'),
(142,41,610,5,'2008-11-10'),
(143,42,73,4,'2000-10-19'),
(144,43,547,1,'2025-09-11'),
(145,44,350,1,'2022-03-28'),
(146,45,767,4,'2001-07-28'),
(147,46,129,5,'2005-08-28'),
(148,47,789,4,'2019-07-06'),
(149,48,397,2,'2021-03-31'),
(150,49,311,5,'2004-05-10'),
(151,50,613,4,'2029-07-12'),
(152,51,740,5,'2028-12-19'),
(153,52,691,1,'2011-08-29'),
(154,53,481,1,'2012-12-16'),
(155,54,367,3,'2002-04-19'),
(156,55,237,3,'2025-12-09'),
(157,56,891,5,'2009-10-14'),
(158,57,548,1,'2023-01-03'),
(159,58,686,1,'2008-12-22'),
(160,59,697,4,'2009-04-28'),
(161,60,477,2,'2001-11-12'),
(162,61,351,1,'2004-05-10'),
(163,62,822,3,'2027-07-21'),
(164,63,338,5,'2012-03-03'),
(165,64,404,5,'2030-05-30'),
(166,65,839,5,'2020-01-06'),
(167,66,585,4,'2018-11-04'),
(168,67,672,3,'2023-02-26'),
(169,68,385,1,'2028-04-30'),
(170,69,716,4,'2010-02-06'),
(171,70,845,3,'2029-05-25'),
(172,71,767,3,'2008-06-18'),
(173,72,215,3,'2014-06-18'),
(174,73,530,3,'2020-01-30'),
(175,74,201,1,'2027-06-14'),
(176,75,393,3,'2027-02-16'),
(177,76,477,5,'2016-04-22'),
(178,77,610,4,'2021-03-08'),
(179,78,897,1,'2021-08-31'),
(180,79,335,1,'2028-01-25'),
(181,80,763,3,'2023-11-11'),
(182,81,780,4,'2014-11-29'),
(183,82,482,1,'2026-02-21'),
(184,83,106,2,'2005-04-30'),
(185,84,688,3,'2022-09-20'),
(186,85,723,1,'2025-10-05'),
(187,86,337,5,'2030-10-06'),
(188,87,869,1,'2015-11-26'),
(189,88,606,2,'2022-02-10'),
(190,89,71,5,'2000-03-09'),
(191,90,527,5,'2006-12-11'),
(192,91,153,5,'2030-09-05'),
(193,92,673,1,'2008-09-29'),
(194,93,163,2,'2028-10-19'),
(195,94,230,2,'2002-06-25'),
(196,95,537,3,'2009-10-17'),
(197,96,294,2,'2015-05-22'),
(198,97,445,1,'2018-06-15'),
(199,98,402,3,'2002-08-21'),
(200,99,312,1,'2028-10-26'),
(201,100,736,1,'2008-05-19'),
(202,6,588,4,'2023-02-24'),
(203,99,291,3,'2017-02-07'),
(204,54,364,3,'2022-10-30'),
(205,82,98,1,'2022-06-07'),
(206,56,574,1,'2003-06-23'),
(207,68,843,4,'2020-03-26'),
(208,62,41,4,'2018-06-14'),
(209,66,393,3,'2008-02-02'),
(210,65,514,5,'2030-10-06'),
(211,35,810,3,'2016-05-06'),
(212,46,198,2,'2001-08-18'),
(213,19,20,3,'2018-02-19'),
(214,87,879,2,'2029-07-07'),
(215,22,336,1,'2002-07-29'),
(216,19,682,5,'2022-03-17'),
(217,81,44,2,'2000-10-27'),
(218,85,780,4,'2015-05-08'),
(219,66,648,2,'2025-05-05'),
(220,76,808,3,'2007-02-15'),
(221,37,554,1,'2024-05-05'),
(222,65,760,2,'2024-10-20'),
(223,32,133,2,'2026-06-09'),
(224,45,75,5,'2015-09-23'),
(225,92,206,1,'2017-04-08'),
(226,53,516,2,'2013-05-08'),
(227,2,116,1,'2001-12-03'),
(228,71,135,1,'2001-04-20'),
(229,69,882,2,'2019-08-12'),
(230,26,576,3,'2006-06-15'),
(231,61,758,3,'2030-07-16'),
(232,47,377,3,'2019-10-07'),
(233,94,554,2,'2010-04-24'),
(234,51,511,2,'2022-06-07'),
(235,22,355,4,'2002-03-08'),
(236,44,569,1,'2002-08-23'),
(237,52,568,5,'2019-07-20'),
(238,91,703,4,'2020-10-12'),
(239,24,42,1,'2014-09-13'),
(240,65,207,1,'2025-09-07'),
(241,24,167,2,'2011-08-29'),
(242,23,826,5,'2012-01-08'),
(243,5,470,4,'2030-09-01'),
(244,86,889,5,'2017-12-23'),
(245,74,193,1,'2001-12-06'),
(246,49,94,5,'2008-02-01'),
(247,41,443,1,'2018-03-16'),
(248,70,663,5,'2018-02-27'),
(249,46,621,3,'2005-10-22'),
(250,37,838,2,'2023-11-21'),
(251,95,62,2,'2003-09-07'),
(252,18,38,4,'2026-02-19'),
(253,24,350,4,'2007-11-04'),
(254,56,609,2,'2011-03-31'),
(255,47,258,1,'2006-08-25'),
(256,40,518,2,'2010-03-24'),
(257,50,649,4,'2012-08-29'),
(258,95,90,4,'2001-02-10'),
(259,44,300,1,'2027-04-05'),
(260,5,80,4,'2027-08-29'),
(261,7,890,3,'2001-10-12'),
(262,66,40,2,'2025-06-20'),
(263,68,675,1,'2016-06-25'),
(264,97,453,5,'2024-06-07'),
(265,89,293,3,'2020-05-16'),
(266,14,823,5,'2007-07-31'),
(267,51,292,2,'2005-09-17'),
(268,97,816,1,'2002-03-20'),
(269,33,214,4,'2029-11-11'),
(270,2,714,4,'2015-09-20'),
(271,99,695,1,'2027-11-09'),
(272,22,177,5,'2007-05-26'),
(273,5,206,5,'2002-05-08'),
(274,37,376,1,'2022-02-07'),
(275,48,524,3,'2026-01-06'),
(276,80,199,4,'2011-08-04'),
(277,95,236,2,'2000-04-19'),
(278,3,14,3,'2016-08-11'),
(279,94,545,5,'2017-04-11'),
(280,62,444,5,'2024-01-17'),
(281,71,287,1,'2010-05-01'),
(282,10,471,4,'2030-11-23'),
(283,26,277,4,'2003-04-20'),
(284,26,295,3,'2024-03-11'),
(285,1,733,5,'2009-04-23'),
(286,58,565,4,'2012-01-29'),
(287,20,224,5,'2021-01-22'),
(288,62,789,1,'2012-09-27'),
(289,6,381,4,'2021-12-09'),
(290,43,298,2,'2014-07-24'),
(291,97,806,1,'2020-08-14'),
(292,59,423,4,'2008-12-21'),
(293,31,662,5,'2007-07-10'),
(294,42,522,4,'2016-03-31'),
(295,2,123,3,'2011-12-21'),
(296,13,594,5,'2017-03-08'),
(297,33,435,2,'2017-09-29'),
(298,94,454,1,'2029-12-09'),
(299,69,365,1,'2012-08-27'),
(300,50,384,2,'2025-02-14'),
(301,54,338,1,'2009-12-02'),
(302,97,759,3,'2018-08-11'),
(303,64,348,5,'2016-02-02'),
(304,15,693,5,'2002-12-08'),
(305,15,603,3,'2008-12-20'),
(306,63,688,5,'2029-04-16'),
(307,40,293,2,'2013-05-02'),
(308,11,895,5,'2025-02-26'),
(309,61,892,5,'2005-09-30'),
(310,95,791,2,'2028-08-09'),
(311,59,683,1,'2023-05-30'),
(312,81,357,1,'2006-09-06'),
(313,43,167,2,'2011-03-22'),
(314,52,579,2,'2021-12-29'),
(315,76,837,4,'2029-01-12'),
(316,80,630,5,'2009-12-31'),
(317,18,6,3,'2011-06-27'),
(318,73,357,3,'2025-03-17'),
(319,63,338,4,'2005-02-26'),
(320,84,372,5,'2030-04-28'),
(321,20,378,1,'2007-01-20'),
(322,19,277,1,'2023-03-31'),
(323,15,773,5,'2023-02-21'),
(324,22,382,1,'2020-08-14'),
(325,41,63,2,'2017-12-30'),
(326,48,437,1,'2021-03-28'),
(327,36,718,4,'2000-11-01'),
(328,90,555,1,'2014-08-20'),
(329,100,461,1,'2011-01-05'),
(330,95,46,3,'2026-03-11'),
(331,47,593,3,'2024-02-11'),
(332,67,603,3,'2015-05-09'),
(333,44,211,1,'2017-10-13'),
(334,41,158,2,'2024-04-17'),
(335,97,284,5,'2004-06-29'),
(336,27,349,4,'2010-12-01'),
(337,20,503,5,'2010-08-18'),
(338,83,739,2,'2015-06-13'),
(339,14,798,4,'2012-03-09'),
(340,77,374,2,'2000-12-06'),
(341,53,223,4,'2013-05-16'),
(342,4,56,1,'2024-04-20'),
(343,89,183,1,'2003-01-22'),
(344,45,615,2,'2002-01-19'),
(345,80,311,1,'2000-01-18'),
(346,91,130,2,'2007-02-09'),
(347,80,568,2,'2012-03-01'),
(348,6,106,4,'2023-02-19'),
(349,58,751,2,'2014-08-15'),
(350,71,26,5,'2002-11-10'),
(351,44,291,3,'2004-07-20'),
(352,88,470,1,'2013-08-25'),
(353,23,108,2,'2004-10-01'),
(354,7,502,1,'2013-11-01'),
(355,80,78,1,'2029-08-16'),
(356,37,544,5,'2003-10-19'),
(357,14,453,1,'2014-12-08'),
(358,82,147,4,'2010-07-25'),
(359,30,597,5,'2014-03-14'),
(360,55,620,2,'2002-05-05'),
(361,14,238,3,'2004-02-01'),
(362,13,244,2,'2021-11-09'),
(363,67,517,1,'2008-02-18'),
(364,30,583,4,'2015-01-21'),
(365,79,146,3,'2010-01-11'),
(366,85,109,2,'2018-04-05'),
(367,56,572,1,'2011-04-02'),
(368,34,716,5,'2024-12-20'),
(369,26,400,2,'2015-11-27'),
(370,73,262,4,'2025-01-24'),
(371,94,330,1,'2005-10-26'),
(372,95,370,5,'2003-03-31'),
(373,37,485,1,'2021-03-23'),
(374,80,586,3,'2003-04-05'),
(375,1,217,1,'2017-10-06'),
(376,36,422,5,'2011-04-10'),
(377,63,842,1,'2025-03-14'),
(378,9,750,2,'2002-06-13'),
(379,40,886,5,'2028-07-08'),
(380,47,711,3,'2005-03-07'),
(381,85,690,3,'2019-05-20'),
(382,55,160,2,'2014-01-21'),
(383,14,285,1,'2018-10-26'),
(384,26,312,3,'2003-03-27'),
(385,48,858,3,'2030-08-17'),
(386,85,679,4,'2029-08-07'),
(387,26,208,1,'2011-11-10'),
(388,4,235,3,'2029-04-25'),
(389,63,815,3,'2011-05-09'),
(390,49,267,1,'2030-08-21'),
(391,58,254,5,'2003-09-08'),
(392,48,60,5,'2001-07-21'),
(393,100,393,1,'2006-04-30'),
(394,37,312,2,'2023-11-24'),
(395,51,690,3,'2015-02-18'),
(396,73,190,2,'2025-04-21'),
(397,57,185,1,'2007-09-13'),
(398,25,225,1,'2021-03-29'),
(399,53,674,1,'2005-01-01'),
(400,83,116,1,'2014-07-18'),
(401,22,170,5,'2014-10-11');

/*Table structure for table `provinsi` */

DROP TABLE IF EXISTS `provinsi`;

CREATE TABLE `provinsi` (
  `id_provinsi` int NOT NULL AUTO_INCREMENT,
  `nama_provinsi` varchar(100) NOT NULL,
  PRIMARY KEY (`id_provinsi`)
) ENGINE=InnoDB AUTO_INCREMENT=34 DEFAULT CHARSET=utf8mb4 COLLATE=utf8mb4_0900_ai_ci;

/*Data for the table `provinsi` */

insert  into `provinsi`(`id_provinsi`,`nama_provinsi`) values 
(1,'Aceh'),
(2,'Sumatera Utara'),
(3,'Sumatera Barat'),
(4,'Riau'),
(5,'Jambi'),
(6,'Sumatera Selatan'),
(7,'Bengkulu'),
(8,'Lampung'),
(9,'Bangka Belitung'),
(10,'Kepulauan Riau'),
(11,'Jakarta'),
(12,'Jawa Barat'),
(13,'Jawa Tengah'),
(14,'DI Yogyakarta'),
(15,'Jawa Timur'),
(16,'Banten'),
(17,'Bali'),
(18,'Nusa Tenggara Barat'),
(19,'Nusa Tenggara Timur'),
(20,'Kalimantan Barat'),
(21,'Kalimantan Tengah'),
(22,'Kalimantan Selatan'),
(23,'Kalimantan Timur'),
(24,'Kalimantan Utara'),
(25,'Sulawesi Utara'),
(26,'Sulawesi Tengah'),
(27,'Sulawesi Selatan'),
(28,'Sulawesi Tenggara'),
(29,'Gorontalo'),
(30,'Maluku'),
(31,'Maluku Utara'),
(32,'Papua Barat'),
(33,'Papua');

/*Table structure for table `teman` */

DROP TABLE IF EXISTS `teman`;

CREATE TABLE `teman` (
  `id_penduduk_a` int NOT NULL,
  `id_penduduk_b` int NOT NULL
) ENGINE=InnoDB DEFAULT CHARSET=utf8mb4 COLLATE=utf8mb4_0900_ai_ci;

/*Data for the table `teman` */

insert  into `teman`(`id_penduduk_a`,`id_penduduk_b`) values 
(547,266),
(274,401),
(37,467),
(102,358),
(766,76),
(814,658),
(273,364),
(21,853),
(434,890),
(802,485),
(837,252),
(92,529),
(305,538),
(678,276),
(815,228),
(32,350),
(606,522),
(44,703),
(314,304),
(272,241),
(180,624),
(532,44),
(312,619),
(150,85),
(460,161),
(57,695),
(6,439),
(848,98),
(501,190),
(679,129),
(392,187),
(109,59),
(249,648),
(518,442),
(25,242),
(425,654),
(643,854),
(360,533),
(489,317),
(143,301),
(695,340),
(868,324),
(828,265),
(448,694),
(804,320),
(297,284),
(842,103),
(500,349),
(477,553),
(726,25),
(762,82),
(197,393),
(777,163),
(822,184),
(779,406),
(213,203),
(419,236),
(666,229),
(168,216),
(331,360),
(471,265),
(248,677),
(106,155),
(519,522),
(415,522),
(17,437),
(611,479),
(256,340),
(570,649),
(302,382),
(283,312),
(669,688),
(661,70),
(835,431),
(198,122),
(882,217),
(512,453),
(585,113),
(704,81),
(362,516),
(242,620),
(195,432),
(869,553),
(488,389),
(274,642),
(158,319),
(9,669),
(441,44),
(590,699),
(791,885),
(649,160),
(619,665),
(128,247),
(40,823),
(30,776),
(633,217),
(727,530),
(391,124),
(392,824),
(705,631),
(488,48),
(603,49),
(177,625),
(451,597),
(491,625),
(631,310),
(647,684),
(35,14),
(589,754),
(116,252),
(414,400),
(638,668),
(554,435),
(662,630),
(8,598),
(804,366),
(394,696),
(203,486),
(46,296),
(759,384),
(427,357),
(160,169),
(123,266),
(453,824),
(623,537),
(95,619),
(97,626),
(511,119),
(434,857),
(60,142),
(651,851),
(65,518),
(66,644),
(44,101),
(809,162),
(132,84),
(899,860),
(759,177),
(683,216),
(614,645),
(376,612),
(25,257),
(663,751),
(824,385),
(769,503),
(641,265),
(354,301),
(400,144),
(61,686),
(312,419),
(186,751),
(284,721),
(521,127),
(701,325),
(42,374),
(189,27),
(363,510),
(734,154),
(392,413),
(767,74),
(821,435),
(550,534),
(121,475),
(440,288),
(539,293),
(785,205),
(429,491),
(315,189),
(856,378),
(389,80),
(784,702),
(702,620),
(405,303),
(130,730),
(42,838),
(899,614),
(488,215),
(829,260),
(321,782),
(507,121),
(738,162),
(676,820),
(429,696),
(595,600),
(561,738),
(368,120),
(674,800),
(16,747),
(113,27),
(633,744),
(314,378),
(424,814),
(699,763),
(277,749),
(93,714),
(276,501),
(59,486),
(737,306),
(157,403),
(828,545),
(569,604),
(627,818),
(770,294),
(693,88),
(52,761),
(463,374),
(361,706),
(598,234),
(126,168),
(629,703),
(896,490),
(209,640),
(272,201),
(640,293),
(610,466),
(625,277),
(101,787),
(400,500),
(298,20),
(486,618),
(495,332),
(176,637),
(141,589),
(755,729),
(618,823),
(775,443),
(527,899),
(41,276),
(712,529),
(763,881),
(512,4),
(658,404),
(695,186),
(848,786),
(75,650),
(102,283),
(495,550),
(21,464),
(413,319),
(498,719),
(870,797),
(249,151),
(653,512),
(785,632),
(290,659),
(769,574),
(299,870),
(810,755),
(542,725),
(18,52),
(55,209),
(544,23),
(149,74),
(474,899),
(322,388),
(635,619),
(157,533),
(758,285),
(837,323),
(463,410),
(69,388),
(420,93),
(702,312),
(90,320),
(763,643),
(249,851),
(387,508),
(311,49),
(429,803),
(878,166),
(266,114),
(506,620),
(4,71),
(392,110),
(103,482),
(135,477),
(685,238),
(43,796),
(540,341),
(326,865),
(227,167),
(834,450),
(469,564),
(563,577),
(645,803),
(731,532),
(445,232),
(406,599),
(440,327),
(553,441),
(428,796),
(84,885),
(373,424),
(477,786),
(425,344),
(525,419),
(251,444),
(727,713),
(782,355),
(868,649),
(186,828),
(486,824),
(808,670),
(419,801),
(184,102),
(863,356),
(743,809),
(887,709),
(262,10),
(855,456),
(772,566),
(316,645),
(462,355),
(556,219),
(212,725),
(747,190),
(294,775),
(741,711),
(326,574),
(672,529),
(108,639),
(152,900),
(817,417),
(29,772),
(123,462),
(524,229),
(665,262),
(2,38),
(559,745),
(47,395),
(79,470),
(441,879),
(732,508),
(114,758),
(329,487),
(38,874),
(191,239),
(581,731),
(543,644),
(277,294),
(806,1),
(5,887),
(58,394),
(372,561),
(193,803),
(820,533),
(561,532),
(383,55),
(559,128),
(264,297),
(837,661),
(321,291),
(381,525),
(20,7),
(41,797),
(397,431),
(80,566),
(876,29),
(206,248),
(48,631),
(413,52),
(227,463),
(63,339),
(302,655),
(226,429),
(300,673),
(242,616),
(848,695),
(314,227),
(371,517),
(82,174),
(779,669),
(611,190),
(150,233),
(354,333),
(592,345),
(338,66),
(707,630),
(502,332),
(197,567),
(426,271),
(735,523),
(585,866),
(125,109),
(373,289),
(584,322),
(25,292),
(220,168),
(224,25),
(558,552),
(393,875),
(71,407),
(717,817),
(826,564),
(6,121),
(479,612),
(119,371),
(564,1),
(228,409),
(333,346),
(370,337),
(457,464),
(242,841),
(454,40),
(415,138),
(45,92),
(838,819),
(177,61),
(253,5),
(466,230),
(212,297),
(342,442),
(490,553),
(27,558),
(784,863),
(572,335),
(17,611),
(594,210),
(879,329),
(140,28),
(139,489),
(512,355),
(833,182),
(900,516),
(579,490),
(328,557),
(646,857),
(552,15),
(314,870),
(273,263),
(309,158),
(96,789),
(243,190),
(369,900),
(377,167),
(166,744),
(622,433),
(842,76),
(561,201),
(421,409),
(2,598),
(749,341),
(554,484),
(464,845),
(723,266),
(497,614),
(661,543),
(11,441),
(617,72),
(418,265),
(679,51),
(564,900),
(647,545),
(789,472),
(444,476),
(144,483),
(500,579),
(40,730),
(425,241),
(684,392),
(121,308),
(252,796),
(291,685),
(683,788),
(138,771),
(310,107),
(491,245),
(749,488),
(480,433),
(538,588),
(758,349),
(168,284),
(376,558),
(158,200),
(45,102),
(256,116),
(87,358),
(61,1),
(15,285),
(447,639),
(340,355),
(533,187),
(515,379),
(37,458),
(10,740),
(457,50),
(237,489),
(566,808),
(135,356),
(473,107),
(464,517),
(610,143),
(424,814),
(130,807),
(191,394),
(469,451),
(519,669),
(133,761),
(119,617),
(434,654),
(284,93),
(603,104),
(398,387),
(519,739),
(720,805),
(679,173),
(160,132),
(461,356),
(809,768),
(449,838),
(388,376),
(19,656),
(231,318),
(719,340),
(427,10),
(69,449),
(202,854),
(606,655),
(432,78),
(719,110),
(862,771),
(707,549),
(433,640),
(873,288),
(89,882),
(578,148),
(36,700),
(160,855),
(176,411),
(694,872),
(164,450),
(482,900),
(271,573),
(769,189),
(113,808),
(119,405),
(569,737),
(381,8),
(820,455),
(441,378),
(706,809),
(85,27),
(658,279),
(702,741),
(358,851),
(839,249),
(848,109),
(583,696),
(304,468),
(282,775),
(107,546),
(121,502),
(113,229),
(485,619),
(560,749),
(565,826),
(406,470),
(152,771),
(544,259),
(623,619),
(678,649),
(760,358),
(326,800),
(294,315),
(275,179),
(515,778),
(218,778),
(96,74),
(274,459),
(305,827),
(180,267),
(198,123),
(332,411),
(295,324),
(520,112),
(90,163),
(686,493),
(530,622),
(628,149),
(694,895),
(293,812),
(583,256),
(193,324),
(167,767),
(529,646),
(154,566),
(566,452),
(271,258),
(158,654),
(122,302),
(429,16),
(824,494),
(511,492),
(432,210),
(372,326),
(313,249),
(644,477),
(634,18),
(646,169),
(107,838),
(492,211),
(736,6),
(612,30),
(710,620),
(172,650),
(765,813),
(844,498),
(482,260),
(552,579),
(387,850),
(468,446),
(516,711),
(67,554),
(163,701),
(151,325),
(97,513),
(799,757),
(791,519),
(436,651),
(111,20),
(232,181),
(478,346),
(395,321),
(276,404),
(68,146),
(469,98),
(276,709),
(135,521),
(53,758),
(71,206),
(382,249),
(275,861),
(170,110),
(847,250),
(880,211),
(700,390),
(602,429),
(120,669),
(334,732),
(733,42),
(50,100),
(70,422),
(208,123),
(635,158),
(589,97),
(841,260),
(283,266),
(794,116),
(885,646),
(245,412),
(551,854),
(813,865),
(881,420),
(30,219),
(884,840),
(214,372),
(283,451),
(246,617),
(317,413),
(300,216),
(177,152),
(761,844),
(357,533),
(305,601),
(708,126),
(592,238),
(614,354),
(475,195),
(373,79),
(132,293),
(228,549),
(785,896),
(658,423),
(149,269),
(215,188),
(812,549),
(889,3),
(797,314),
(180,165),
(825,6),
(87,143),
(200,283),
(82,656),
(360,819),
(505,122),
(134,238),
(559,189),
(864,59),
(326,565),
(154,296),
(531,464),
(572,525),
(354,767),
(127,146),
(18,110),
(244,799),
(884,257),
(434,83),
(189,558),
(779,567),
(286,107),
(896,313),
(42,731),
(785,825),
(155,105),
(519,567),
(231,197),
(173,132),
(219,245),
(429,13),
(325,762),
(494,7),
(234,876),
(491,170),
(668,824),
(871,586),
(488,293),
(331,392),
(516,844),
(811,592),
(373,318),
(374,739),
(330,124),
(742,34),
(74,483),
(548,430),
(402,145),
(795,122),
(643,896),
(29,622),
(489,739),
(441,411),
(353,202),
(377,396),
(352,94),
(797,718),
(27,721),
(188,298),
(593,45),
(171,601),
(42,393),
(96,260),
(2,640),
(354,807),
(710,413),
(786,10),
(435,776),
(372,753),
(434,737),
(758,621),
(186,466),
(420,302),
(645,162),
(639,67),
(114,738),
(211,821),
(391,122),
(389,875),
(346,872),
(32,556),
(785,95),
(425,459),
(514,814),
(803,894),
(642,721),
(193,274),
(372,286),
(99,30),
(584,266),
(724,816),
(37,85),
(729,247),
(429,625),
(882,855),
(584,254),
(41,491),
(143,160),
(327,147),
(757,485),
(574,117),
(606,816),
(243,551),
(163,285),
(436,388),
(426,424),
(251,312),
(394,541),
(509,719),
(276,473),
(313,773),
(181,543),
(79,434),
(855,629),
(598,669),
(64,564),
(789,21),
(60,74),
(575,755),
(406,692),
(309,747),
(527,391),
(241,840),
(836,508),
(552,194),
(204,800),
(494,140),
(504,601),
(489,768),
(328,486),
(852,607),
(871,613),
(539,475),
(207,621),
(662,512),
(825,682),
(122,747),
(389,733),
(406,503),
(624,554),
(190,706),
(785,112),
(673,883),
(813,844),
(313,368),
(329,780),
(588,675),
(375,899),
(109,44),
(531,414),
(380,35),
(72,242),
(29,668),
(496,574),
(176,624),
(395,278),
(70,602),
(332,577),
(558,168),
(728,845),
(152,638),
(632,247),
(834,742),
(765,238),
(295,265),
(477,402),
(85,133),
(513,823),
(662,639),
(466,400),
(112,372),
(32,388),
(732,839),
(740,848),
(547,449),
(205,681),
(813,441),
(507,701),
(113,605),
(46,483),
(832,322),
(560,17),
(618,670),
(691,465),
(725,559),
(352,476),
(626,729),
(316,399),
(861,843),
(629,762),
(512,633),
(678,726),
(480,318),
(281,493),
(571,377),
(716,819),
(696,839),
(522,137),
(156,260),
(145,319),
(115,849),
(444,179),
(471,684),
(612,511),
(592,440),
(678,330),
(453,212),
(876,759),
(580,363),
(377,281),
(418,209),
(372,680),
(47,793),
(336,154),
(382,485),
(104,900),
(400,195),
(692,661),
(297,715),
(369,150),
(583,646),
(756,36),
(212,833),
(62,74),
(356,355),
(308,211),
(746,801),
(606,650),
(386,3),
(692,641),
(254,734),
(532,641),
(171,272),
(603,579),
(42,74),
(200,445),
(397,353),
(612,834),
(71,64),
(298,54),
(691,416),
(665,21),
(742,311),
(680,831),
(864,387),
(849,709),
(896,176),
(709,316),
(337,649),
(139,377),
(890,141),
(502,401),
(529,346),
(230,670),
(577,607),
(366,155),
(609,467),
(21,357),
(858,28),
(680,318),
(343,774),
(804,793),
(806,871),
(640,180),
(553,787),
(758,84),
(73,638),
(170,418),
(193,197),
(314,258),
(236,204),
(255,401),
(391,35),
(448,272),
(160,805),
(209,230),
(873,522),
(226,674),
(78,822),
(315,427),
(334,494),
(354,244),
(132,860),
(473,151),
(169,567),
(888,777),
(229,530),
(148,217),
(391,173),
(377,190),
(252,77),
(285,216),
(294,650),
(441,831),
(523,631),
(153,140),
(369,573),
(383,405),
(876,219),
(492,67),
(785,58),
(722,635),
(295,351),
(55,113),
(328,851),
(681,323),
(193,458),
(796,751),
(107,607),
(542,477),
(738,838),
(659,308),
(872,589),
(584,210),
(243,645),
(458,13),
(872,363),
(594,601),
(544,359),
(443,283),
(586,876),
(793,457),
(31,191),
(310,61),
(711,537),
(42,186),
(587,265),
(139,809),
(360,180),
(26,607),
(217,257),
(738,143),
(681,495),
(447,162),
(777,210),
(368,828),
(660,464),
(379,563),
(128,154),
(109,900),
(218,7),
(356,768),
(234,887),
(540,345),
(735,127),
(693,688),
(109,765),
(461,645),
(304,330),
(458,857),
(170,266),
(404,445),
(467,263),
(259,206),
(367,434),
(664,265),
(188,780),
(76,818),
(873,202),
(220,690),
(597,41),
(583,875),
(508,87),
(67,214),
(733,688),
(477,162),
(656,488),
(335,634),
(241,480),
(262,543),
(570,169),
(641,456),
(351,273),
(846,376),
(397,251),
(229,378),
(355,519),
(416,505),
(330,571),
(748,71),
(288,343),
(418,863),
(448,351),
(830,815),
(238,477),
(680,481),
(525,278),
(759,571),
(205,510),
(517,778),
(207,7),
(459,293),
(270,430),
(268,383),
(709,338),
(760,453),
(451,836),
(185,285),
(578,88),
(877,174),
(60,463),
(218,701),
(861,774),
(558,805),
(428,740),
(900,126),
(624,835),
(585,182),
(308,615),
(296,441),
(134,208),
(216,516),
(136,834),
(474,150),
(281,475),
(176,808),
(859,94),
(464,172),
(511,689),
(715,394),
(405,762),
(345,696),
(714,189),
(606,83),
(95,516),
(659,254),
(290,696),
(482,2),
(824,414),
(250,629),
(458,694),
(806,565),
(725,539),
(547,349),
(695,82),
(342,484),
(802,214),
(467,519),
(124,420),
(634,3),
(76,629),
(295,679),
(695,13),
(564,741),
(812,600),
(300,809),
(89,620),
(276,167),
(327,103),
(282,563),
(361,503),
(507,310),
(283,771),
(112,756),
(493,250),
(782,867),
(879,684),
(713,471),
(200,693),
(711,613),
(737,497),
(204,203),
(372,563),
(214,499),
(568,207),
(196,203),
(771,115),
(464,700),
(311,75),
(637,100),
(345,608),
(725,860),
(628,187),
(761,742),
(792,539),
(671,680),
(339,414),
(407,332),
(99,739),
(659,288),
(577,125),
(701,641),
(402,56),
(667,27),
(177,499),
(512,826),
(466,245),
(650,890),
(316,841),
(508,461),
(588,30),
(804,450),
(567,894),
(758,529),
(527,606),
(394,491),
(592,757),
(792,656),
(298,261),
(361,826),
(260,837),
(182,703),
(487,522),
(718,152),
(471,336),
(217,614),
(814,9),
(225,269),
(66,558),
(341,11),
(128,786),
(98,339),
(125,520),
(865,847),
(445,302),
(640,444),
(50,371),
(525,555),
(359,621),
(657,799),
(412,741),
(492,308),
(121,441),
(548,428),
(163,515),
(4,176),
(174,262),
(680,550),
(506,164),
(841,368),
(447,417),
(524,678),
(398,605),
(61,137),
(434,297),
(49,862),
(767,10),
(576,874),
(49,823),
(190,702),
(572,396),
(126,114),
(649,519),
(392,537),
(211,472),
(67,335),
(140,360),
(713,797),
(145,462),
(677,802),
(778,152),
(31,789),
(752,364),
(12,470),
(402,799),
(265,691),
(413,283),
(382,256),
(445,618),
(403,538),
(288,90),
(478,532),
(266,489),
(164,376),
(375,544),
(165,660),
(102,805),
(725,53),
(684,800),
(639,797),
(717,541),
(27,97),
(818,653),
(835,804),
(245,262),
(596,167),
(92,526),
(494,527),
(840,587),
(294,838),
(778,248),
(535,229),
(716,635),
(776,58),
(531,817),
(778,584),
(880,403),
(106,232),
(802,26),
(403,381),
(18,519),
(144,234),
(574,350),
(396,380),
(694,831),
(780,599),
(113,866),
(481,178),
(162,558),
(215,814),
(674,18),
(739,93),
(697,287),
(425,846),
(731,69),
(262,27),
(38,848),
(60,418),
(226,537),
(228,539),
(638,213),
(824,129),
(109,466),
(810,803),
(54,248),
(264,500),
(100,91),
(352,757),
(385,813),
(806,691),
(374,249),
(233,592),
(536,596),
(652,410),
(686,423),
(230,238),
(347,272),
(187,671),
(146,544),
(607,673),
(757,417),
(152,19),
(506,221),
(358,874),
(60,725),
(533,663),
(500,177),
(660,395),
(158,831),
(290,876),
(285,868),
(822,403),
(449,384),
(833,178),
(225,578),
(395,46),
(481,623),
(762,680),
(669,114),
(696,323),
(225,272),
(56,895),
(525,411),
(72,454),
(341,671),
(852,497),
(247,64),
(700,727),
(672,186),
(776,434),
(70,854),
(899,703),
(869,891),
(734,606),
(174,490),
(109,531),
(209,516),
(160,330),
(119,610),
(194,814),
(763,9),
(167,703),
(627,269),
(75,153),
(722,81),
(30,177),
(496,557),
(260,44),
(258,737),
(753,253),
(45,51),
(715,635),
(317,76),
(112,14),
(85,442),
(275,582),
(189,581),
(508,19),
(685,683),
(549,31),
(370,176),
(727,758),
(763,692),
(299,420),
(634,179),
(855,707),
(490,6),
(729,355),
(122,485),
(810,730),
(563,72),
(479,151),
(564,577),
(349,396),
(393,647),
(459,377),
(71,44),
(613,120),
(578,84),
(544,93),
(595,807),
(256,318),
(758,680),
(545,161),
(50,13),
(216,875),
(627,824),
(567,595),
(491,304),
(719,189),
(638,845),
(191,731),
(620,456),
(831,591),
(774,426),
(131,744),
(544,848),
(814,234),
(347,683),
(712,861),
(835,134),
(827,486),
(427,553),
(287,520),
(589,173),
(202,635),
(57,360),
(574,185),
(454,607),
(687,838),
(176,788),
(463,835),
(335,6),
(246,417),
(525,88),
(533,308),
(160,480),
(692,235),
(765,438),
(658,824),
(555,395),
(240,216),
(360,481),
(188,842),
(643,730),
(359,282),
(635,568),
(553,606),
(8,206),
(116,652),
(636,252),
(439,75),
(820,492),
(496,886),
(40,220),
(369,828),
(877,443),
(582,397),
(290,645),
(181,821),
(189,620),
(566,406),
(210,693),
(362,493),
(837,459),
(540,894),
(36,361),
(339,616),
(271,350),
(143,582),
(488,429),
(339,639),
(829,132),
(74,25),
(252,296),
(83,57),
(615,723),
(91,368),
(510,135),
(571,810),
(61,640),
(2,205),
(828,852),
(371,544),
(633,276),
(148,611),
(613,553),
(647,21),
(327,7),
(732,495),
(677,560),
(149,659),
(78,670),
(521,453),
(79,164),
(804,40),
(620,227),
(334,621),
(374,660),
(218,535),
(698,278),
(842,341),
(293,153),
(76,120),
(150,624),
(541,822),
(642,105),
(437,268),
(213,251),
(131,132),
(501,811),
(550,502),
(894,763),
(648,360),
(185,496),
(476,649),
(406,680),
(814,285),
(154,335),
(171,25),
(843,329),
(828,492),
(405,250),
(370,566),
(141,506),
(639,467),
(861,374),
(266,140),
(467,409),
(382,381),
(436,346),
(628,125),
(17,598),
(250,546),
(61,660),
(645,59),
(539,883),
(46,189),
(873,415),
(551,602),
(860,687),
(843,12),
(232,131),
(213,243),
(326,786),
(742,636),
(690,523),
(812,613),
(724,727),
(654,425),
(26,267),
(846,626),
(49,838),
(846,791),
(606,575),
(102,836),
(323,746),
(844,227),
(230,333),
(430,134),
(99,473),
(50,892),
(713,421),
(79,475),
(896,656),
(250,16),
(804,440),
(51,202),
(866,783),
(653,46),
(307,672),
(182,362),
(581,633),
(880,563),
(340,140),
(437,560),
(623,82),
(429,162),
(546,402),
(518,343),
(780,449),
(529,690),
(381,335),
(696,175),
(737,160),
(306,439),
(92,852),
(152,103),
(544,514),
(21,690),
(436,9),
(639,594),
(333,420),
(54,674),
(163,865),
(368,124),
(724,2),
(879,802),
(274,542),
(336,662),
(880,794),
(690,105),
(39,655),
(430,663),
(823,794),
(729,744),
(638,20),
(1,446),
(1,544),
(166,205),
(558,313),
(775,502),
(637,134),
(568,575),
(662,267),
(622,89),
(154,470),
(383,771),
(662,260),
(204,368),
(777,752),
(686,14),
(622,255),
(587,718),
(812,516),
(229,823),
(332,20),
(252,267),
(743,2),
(283,432),
(421,303),
(803,687),
(647,362),
(436,470),
(812,428),
(695,68),
(259,103),
(855,320),
(691,203),
(395,422),
(541,252),
(760,767),
(365,645),
(650,595),
(712,267),
(596,289),
(230,859),
(107,733),
(24,602),
(43,580),
(722,547),
(339,402),
(319,119),
(886,565),
(102,26),
(139,834),
(762,495),
(223,626),
(544,388),
(406,485),
(492,295),
(153,870),
(244,608),
(377,376),
(44,725),
(218,187),
(14,660),
(394,163),
(351,627),
(695,374),
(257,863),
(498,662),
(634,538),
(649,176),
(449,65),
(485,161),
(900,29),
(607,788),
(704,116),
(616,267),
(510,601),
(488,299),
(721,237),
(332,222),
(462,593),
(213,802),
(699,788),
(130,783),
(892,201),
(894,869),
(232,59),
(754,214),
(207,321),
(240,256),
(788,758),
(529,134),
(434,28),
(703,345),
(533,511),
(128,135),
(145,388),
(883,296),
(660,419),
(894,721),
(159,154),
(457,441),
(557,135),
(221,405),
(460,229),
(758,841),
(191,765),
(846,541),
(417,347),
(108,5),
(690,221),
(834,837),
(348,359),
(183,707),
(535,763),
(302,359),
(741,530),
(527,776),
(689,662),
(801,717),
(792,464),
(207,628),
(793,239),
(870,614),
(486,557),
(597,661),
(655,93),
(719,46),
(755,263),
(772,608),
(189,806),
(732,565),
(661,278),
(219,600),
(494,224),
(266,34),
(629,689),
(869,335),
(329,579),
(880,18),
(576,411),
(577,424),
(420,284),
(348,670),
(557,785),
(291,268),
(102,279),
(139,215),
(142,290),
(457,395),
(256,547),
(432,377),
(619,504),
(831,728),
(470,372),
(640,236),
(537,776),
(651,737),
(251,685),
(776,2),
(185,839),
(687,798),
(519,625),
(198,523),
(76,163),
(251,280),
(338,469),
(786,325),
(752,579),
(749,32),
(221,229),
(178,366),
(337,873),
(57,194),
(58,865),
(27,171),
(492,497),
(738,675),
(18,260),
(884,227),
(725,675),
(99,738),
(149,60),
(421,573),
(492,452),
(831,528),
(357,54),
(43,123),
(422,379),
(779,857),
(140,602),
(131,139),
(328,57),
(268,4),
(629,596),
(431,6),
(214,336),
(506,870),
(196,421),
(628,40),
(683,490),
(776,860),
(389,800),
(732,433),
(729,365),
(319,235),
(23,226),
(473,536),
(545,535),
(206,429),
(408,508),
(731,648),
(318,391),
(655,262),
(422,704),
(571,696),
(626,81),
(471,62),
(714,349),
(824,646),
(294,898),
(641,529),
(869,449),
(445,546),
(686,439),
(35,808),
(652,234),
(373,835),
(768,370),
(481,652),
(532,882),
(806,187),
(584,40),
(428,453),
(436,741),
(377,95),
(368,173),
(588,319),
(769,273),
(95,56),
(145,187),
(376,848),
(339,9),
(864,217),
(204,413),
(264,23),
(615,157),
(593,436),
(562,695),
(113,649),
(166,325),
(249,408),
(471,663),
(802,801),
(861,113),
(848,602),
(302,230),
(400,673),
(174,298),
(295,709),
(561,821),
(565,538),
(693,107),
(404,53),
(38,428),
(518,417),
(133,64),
(207,26),
(124,814),
(233,465),
(894,57),
(793,770),
(588,477),
(707,541),
(668,334),
(746,708),
(828,395),
(288,244),
(802,661),
(339,663),
(849,800),
(835,101),
(490,476),
(314,454),
(816,102),
(459,805),
(422,370),
(459,553),
(223,518),
(202,87),
(604,253),
(788,297),
(40,467),
(598,869),
(460,847),
(481,708),
(692,555),
(339,809),
(839,578),
(530,875),
(319,50),
(740,562),
(30,523),
(325,655),
(706,488),
(287,712),
(183,503),
(355,25),
(363,772),
(138,400),
(152,304),
(183,67),
(617,731),
(352,323),
(790,258),
(388,420),
(853,577),
(565,721),
(678,48),
(481,303),
(391,666),
(632,442),
(524,710),
(619,790),
(761,412),
(136,105),
(260,462),
(117,833),
(63,50),
(548,514),
(525,394),
(637,391),
(591,206),
(549,398),
(235,292),
(41,4),
(770,769),
(40,268),
(543,817),
(363,116),
(360,444),
(698,648),
(445,233),
(871,245),
(708,604),
(208,23),
(578,184),
(505,555),
(96,857),
(12,539),
(345,138),
(327,510),
(371,586),
(591,269),
(11,387),
(781,509),
(624,891),
(513,550),
(821,136),
(678,875),
(684,401),
(37,89),
(48,322),
(186,140),
(522,880),
(395,376),
(210,391),
(329,414),
(840,714),
(337,194),
(506,331),
(75,276),
(184,185),
(653,668),
(162,140),
(52,583),
(257,589),
(378,389),
(335,656),
(252,279),
(837,71),
(671,656),
(408,361),
(322,725),
(520,322),
(493,182),
(783,39),
(577,458),
(724,834),
(811,220),
(378,428),
(377,115),
(787,324),
(118,679),
(160,285),
(289,57),
(854,186),
(699,487),
(228,598),
(803,581),
(598,472),
(872,470),
(857,454),
(824,90),
(862,512),
(667,470),
(592,137),
(807,727),
(54,379),
(420,707),
(677,627),
(395,273),
(876,23),
(745,378),
(514,681),
(26,48),
(102,197),
(765,536),
(192,94),
(877,642),
(22,215),
(616,30),
(317,82),
(641,437),
(832,278),
(333,535),
(814,243),
(255,671),
(96,184),
(446,107),
(604,258),
(303,397),
(465,579),
(227,504),
(712,432),
(827,540),
(744,252),
(876,266),
(386,327),
(64,818),
(776,729),
(738,592),
(441,393),
(124,661),
(538,231),
(439,269),
(661,727),
(194,106),
(775,742),
(128,722),
(865,848),
(267,838),
(491,333),
(866,875),
(504,206),
(191,328),
(501,217),
(289,397),
(545,888),
(96,311),
(620,465),
(780,313),
(635,704),
(233,609),
(468,542),
(395,62),
(90,654),
(331,172),
(815,874),
(526,188),
(496,767),
(95,632),
(660,748),
(292,623),
(841,581),
(489,181),
(801,361),
(458,228),
(49,336),
(263,689),
(581,595),
(534,747),
(117,870),
(791,56),
(465,382),
(877,68),
(292,752),
(429,790),
(815,277),
(180,173),
(609,310),
(102,868),
(608,349),
(187,233),
(285,136),
(734,835),
(801,716),
(36,299),
(525,844),
(510,342),
(827,394),
(846,801),
(87,20),
(801,276),
(376,103),
(580,276),
(87,652),
(843,615),
(212,437),
(694,491),
(461,587),
(827,350),
(179,615),
(895,833),
(249,357),
(407,751),
(833,354),
(805,891),
(800,633),
(339,391),
(371,222),
(132,451),
(172,791),
(138,299),
(604,713),
(802,353),
(32,720),
(514,492),
(301,365),
(641,471),
(245,290),
(716,292),
(351,268),
(328,312),
(506,842),
(418,364),
(558,172),
(605,432),
(125,364),
(200,232),
(207,115),
(640,537),
(818,146),
(723,486),
(724,834),
(771,8),
(322,350),
(575,212),
(799,605),
(880,84),
(626,517),
(655,770),
(672,60),
(83,56),
(143,324),
(55,744),
(720,73),
(287,66),
(341,746),
(187,408),
(644,667),
(87,301),
(429,867),
(131,696),
(737,758),
(731,509),
(672,743),
(810,658),
(509,260),
(206,198),
(251,583),
(332,81),
(442,70),
(676,625),
(837,523),
(397,798),
(70,780),
(195,159),
(531,559),
(251,875),
(555,319),
(303,266),
(479,721),
(412,129),
(181,321),
(333,662),
(353,6),
(598,759),
(206,101),
(618,750),
(376,128),
(238,507),
(875,121),
(436,543),
(105,614),
(611,70),
(166,295),
(200,562),
(455,620),
(177,892),
(115,292),
(673,608),
(614,67),
(1,77),
(375,648),
(542,228),
(637,798),
(33,655),
(676,64),
(841,497),
(25,240),
(131,310),
(397,327),
(844,136),
(820,722),
(752,117),
(585,815),
(589,485),
(893,637),
(157,706),
(325,281),
(861,156),
(724,590),
(368,779),
(555,671),
(450,143),
(39,44),
(532,611),
(285,119),
(107,563),
(508,505),
(825,161),
(619,133),
(102,173),
(186,461),
(446,421),
(339,815),
(877,430),
(244,245),
(620,698),
(785,495),
(475,497),
(665,90),
(551,104),
(326,416),
(247,818),
(832,659),
(99,861),
(5,338),
(615,74),
(505,184),
(282,614),
(550,744),
(785,187),
(14,413),
(741,237),
(74,463),
(818,222),
(551,277),
(744,885),
(824,898),
(587,575),
(771,847),
(253,859),
(689,50),
(379,369),
(143,831),
(596,29),
(320,424),
(475,391),
(573,725),
(767,695),
(271,234),
(409,107),
(12,511),
(232,573),
(1,788),
(742,391),
(695,294),
(98,740),
(791,875),
(755,653),
(212,192),
(611,290),
(182,33),
(858,590),
(661,67),
(461,506),
(828,668),
(402,17),
(713,168),
(336,680),
(744,675),
(832,55),
(204,431),
(607,533),
(406,618),
(90,576),
(745,521),
(11,286),
(519,146),
(301,861),
(580,241),
(759,99),
(488,442),
(689,606),
(43,57),
(301,337),
(536,514),
(732,213),
(724,33),
(720,32),
(826,546),
(768,539),
(777,554),
(665,481),
(465,337),
(157,132),
(518,421),
(133,838),
(842,574),
(115,2),
(521,70),
(237,175),
(319,41),
(685,228),
(833,587),
(62,281),
(19,702),
(330,313),
(782,688),
(679,214),
(270,340),
(276,277),
(786,573),
(767,388),
(265,132),
(179,148),
(267,406),
(583,892),
(649,770),
(267,824),
(73,365),
(582,830),
(144,489),
(234,254),
(547,750),
(741,445),
(632,570),
(801,370),
(196,803),
(135,287),
(252,453),
(581,140),
(860,351),
(450,108),
(729,543),
(666,391),
(142,566),
(776,583),
(106,313),
(835,646),
(323,110),
(309,320),
(292,629),
(584,785),
(208,545),
(765,835),
(293,442),
(445,212),
(794,865),
(763,649),
(732,126),
(698,358),
(691,892),
(630,206),
(481,563),
(589,167),
(186,383),
(883,307),
(572,22),
(623,132),
(346,894),
(147,279),
(510,140),
(643,538),
(71,476),
(31,787),
(514,140),
(248,452),
(258,846),
(227,850),
(645,769),
(489,97),
(419,226),
(221,781),
(23,262),
(366,399),
(232,318),
(337,885),
(207,132),
(399,658),
(139,439),
(335,680),
(484,652),
(533,477),
(163,507),
(256,888),
(93,447),
(50,870),
(131,539),
(895,585),
(618,223),
(485,559),
(599,6),
(72,626),
(282,881),
(805,635),
(492,229),
(21,115),
(140,582),
(153,14),
(479,234),
(364,49),
(103,698),
(244,727),
(134,168),
(141,37),
(739,313),
(884,877),
(287,77),
(523,93),
(80,693),
(145,148),
(395,645),
(629,670),
(37,346),
(632,796),
(135,179),
(304,578),
(545,180),
(674,643),
(447,239),
(734,459),
(802,823),
(17,181),
(883,292),
(445,400),
(415,151),
(548,713),
(30,596),
(476,533),
(644,236),
(790,203),
(275,496),
(554,405),
(213,449),
(74,235),
(568,378),
(194,82),
(355,725),
(7,269),
(708,217),
(312,131),
(794,888),
(654,840),
(454,831),
(12,461),
(540,298),
(495,86),
(163,831),
(889,825),
(401,241),
(331,825),
(231,474),
(116,675),
(843,373),
(355,256),
(810,737),
(491,373),
(587,798),
(322,519),
(672,702),
(398,52),
(827,548),
(855,776),
(642,752),
(304,561),
(725,473),
(658,209),
(36,309),
(303,887),
(720,221),
(881,226),
(290,314),
(173,284),
(741,638),
(715,619),
(378,181),
(513,169),
(389,288),
(58,153),
(414,106),
(845,137),
(552,617),
(518,199),
(717,755),
(203,879),
(410,547),
(816,288),
(302,208),
(713,210),
(226,23),
(127,383),
(316,678),
(204,156),
(269,217),
(68,704),
(104,883),
(342,288),
(632,65),
(304,502),
(452,430),
(603,518),
(530,660),
(134,97),
(431,81),
(230,440),
(863,576),
(312,220),
(743,789),
(811,66),
(73,687),
(209,405),
(303,441),
(131,551),
(131,704),
(365,55),
(87,89),
(330,441),
(815,485),
(277,340),
(560,162),
(164,794),
(384,804),
(157,159),
(517,806),
(559,246),
(239,292),
(863,309),
(307,106),
(453,801),
(572,408),
(304,820),
(793,161),
(81,836),
(254,199),
(430,58),
(100,822),
(458,556),
(703,580),
(381,893),
(433,189),
(760,553),
(748,404),
(244,629),
(205,840),
(289,264),
(547,624),
(72,787),
(340,710),
(459,277),
(860,393),
(732,829),
(165,83),
(186,287),
(829,890),
(287,156),
(211,513),
(488,128),
(509,513),
(196,740),
(238,546),
(82,760),
(278,247),
(12,671),
(111,333),
(652,63),
(682,464),
(5,150),
(307,837),
(412,737),
(293,628),
(86,244),
(257,34),
(678,557),
(461,705),
(702,442),
(223,385),
(271,406),
(894,422),
(744,304),
(807,706),
(810,229),
(448,327),
(855,442),
(854,740),
(411,116),
(796,291),
(66,280),
(247,900),
(831,536),
(557,877),
(680,754),
(840,475),
(643,480),
(875,322),
(426,608),
(610,803),
(48,864),
(748,141),
(265,336),
(21,731),
(122,703),
(615,847),
(804,516),
(62,403),
(170,664),
(44,352),
(796,380),
(140,332),
(57,409),
(410,103),
(254,862),
(817,46),
(184,339),
(422,130),
(870,271),
(237,821),
(511,323),
(588,113),
(133,206),
(163,807),
(722,142),
(113,701),
(110,786),
(573,756),
(624,512),
(783,509),
(82,1),
(741,889),
(897,440),
(540,422),
(807,38),
(825,890),
(808,701),
(26,647),
(94,145),
(356,131),
(510,113),
(689,782),
(275,727),
(270,66),
(518,334),
(233,757),
(884,460),
(715,775),
(302,21),
(113,837),
(347,816),
(664,876),
(707,160),
(109,698),
(487,142),
(798,11),
(466,770),
(851,37),
(424,890),
(658,95),
(198,300),
(570,499),
(589,830),
(162,150),
(807,607),
(796,554),
(674,146),
(759,801),
(359,639),
(753,608),
(813,552),
(880,728),
(421,401),
(856,112),
(737,136),
(403,436),
(756,315),
(162,408),
(322,243),
(386,331),
(649,841),
(202,525),
(815,766),
(538,374),
(506,448),
(422,126),
(304,294),
(225,297),
(503,139),
(857,511),
(125,892),
(96,6),
(572,658),
(158,22),
(362,866),
(661,261),
(760,678),
(858,1),
(420,243),
(208,736),
(298,74),
(488,538),
(801,770),
(111,345),
(240,496),
(100,330),
(721,190),
(85,555),
(261,484),
(292,617),
(74,606),
(820,538),
(617,687),
(303,689),
(183,96),
(316,885),
(203,817),
(819,306),
(180,395),
(273,139),
(711,580),
(502,860),
(853,711),
(469,534),
(378,328),
(757,99),
(457,249),
(342,502),
(8,850),
(744,707),
(364,577),
(86,209),
(192,266),
(607,133),
(693,726),
(82,527),
(508,57),
(238,1),
(92,49),
(186,338),
(699,366),
(678,426),
(603,716),
(194,649),
(301,577),
(358,638),
(260,550),
(113,774),
(303,817),
(331,187),
(422,717),
(691,238),
(677,741),
(747,50),
(341,29),
(449,868),
(732,10),
(506,396),
(353,172),
(51,776),
(378,206),
(180,898),
(57,680),
(362,414),
(767,397),
(701,669),
(513,727),
(516,350),
(671,803),
(478,198),
(534,191),
(156,6),
(592,716),
(356,728),
(635,473),
(672,320),
(548,308),
(604,526),
(294,501),
(654,680),
(705,681),
(350,434),
(872,592),
(466,639),
(535,543),
(694,900),
(78,737),
(440,431),
(504,97),
(490,33),
(732,734),
(647,641),
(336,366),
(243,37),
(577,22),
(196,18),
(896,853),
(301,592),
(103,609),
(888,203),
(135,452),
(23,773),
(139,344),
(554,631),
(338,307),
(312,429),
(337,392),
(540,608),
(208,675),
(285,361),
(334,847),
(646,162),
(634,514),
(509,814),
(43,444),
(521,564),
(195,873),
(849,93),
(672,310),
(648,428),
(219,495),
(843,876),
(768,898),
(714,289),
(183,310),
(647,825),
(796,717),
(164,335),
(128,656),
(664,707),
(466,294),
(83,472),
(103,716),
(630,162),
(227,560),
(10,347),
(757,364),
(514,432),
(261,199),
(10,168),
(79,808),
(653,43),
(532,475),
(438,70),
(448,136),
(668,774),
(230,747),
(718,337),
(532,655),
(595,6),
(250,829),
(594,646),
(836,584),
(75,419),
(655,830),
(242,281),
(600,325),
(27,491),
(450,218),
(218,854),
(730,187),
(817,380),
(130,765),
(366,588),
(227,697),
(554,218),
(177,92),
(405,459),
(661,592),
(751,18),
(425,280),
(830,632),
(214,490),
(867,516),
(823,468),
(98,843),
(460,522),
(285,51),
(780,527),
(817,501),
(252,480),
(274,786),
(609,129),
(613,700),
(673,378),
(325,752),
(742,403),
(209,498),
(506,473),
(260,217),
(349,1),
(277,236),
(170,386),
(120,382),
(345,482),
(736,569),
(566,709),
(841,39),
(476,385),
(512,450),
(424,831),
(368,359),
(557,165),
(366,614),
(45,198),
(680,257),
(686,401),
(725,331),
(710,336),
(125,328),
(799,418),
(560,267),
(146,330),
(410,422),
(114,302),
(584,32),
(355,541),
(571,139),
(308,544),
(399,508),
(396,672),
(767,585),
(820,104),
(606,221),
(314,293),
(119,147),
(24,465),
(104,651),
(741,406),
(474,333),
(863,405),
(157,201),
(143,423),
(830,455),
(71,199),
(432,346),
(315,16),
(425,220),
(243,728),
(663,366),
(448,74),
(656,282),
(43,735),
(599,558),
(210,297),
(896,12),
(295,367),
(731,739),
(636,21),
(364,472),
(630,784),
(781,410),
(250,769),
(899,621),
(647,166),
(239,539),
(673,123),
(177,182),
(838,202),
(346,129),
(27,264),
(71,745),
(515,325),
(543,626),
(101,386),
(765,16),
(737,589),
(835,875),
(723,791),
(900,69),
(36,786),
(782,200),
(149,764),
(371,406),
(515,291),
(560,831),
(63,712),
(460,141),
(843,315),
(138,694),
(113,225),
(446,677),
(207,118),
(9,16),
(146,280),
(325,497),
(274,754),
(765,557),
(832,326),
(636,226),
(484,418),
(709,320),
(267,119),
(526,427),
(336,617),
(285,231),
(31,569),
(277,139),
(423,805),
(700,263),
(283,542),
(895,425),
(245,485),
(633,672),
(241,121),
(855,895),
(375,763),
(111,896),
(796,899),
(444,354),
(202,784),
(293,775),
(660,746),
(192,725),
(4,809),
(438,440),
(597,625),
(41,659),
(158,445),
(29,695),
(173,537),
(122,464),
(470,509),
(211,730),
(319,426),
(393,654),
(711,732),
(481,193),
(631,652),
(190,824),
(224,810),
(323,122),
(259,630),
(324,780),
(759,355),
(2,145),
(705,43),
(705,26),
(90,116),
(734,596),
(187,538),
(76,266),
(121,788),
(845,709),
(216,625),
(564,190),
(557,397),
(467,315),
(20,425),
(441,387),
(779,208),
(131,44),
(723,388),
(743,33),
(106,292),
(123,874),
(125,830),
(91,382),
(440,889),
(107,227),
(780,833),
(634,789),
(36,143),
(499,324),
(431,873),
(613,11),
(244,740),
(614,696),
(418,818),
(844,664),
(453,525),
(437,352),
(671,704),
(585,379),
(328,358),
(632,892),
(247,738),
(48,636),
(584,245),
(516,634),
(504,108),
(703,464),
(335,62),
(100,788),
(709,8),
(547,300),
(435,323),
(314,155),
(831,336),
(849,59),
(104,893),
(849,82),
(479,537),
(352,682),
(84,577),
(287,853),
(765,577),
(764,384),
(237,374),
(351,833),
(451,256),
(396,896),
(475,178),
(484,64),
(563,448),
(698,445),
(637,457),
(369,712),
(455,237),
(582,703),
(658,778),
(658,655),
(91,716),
(144,510),
(199,779),
(5,876),
(736,198),
(715,182),
(694,376),
(94,538),
(383,614),
(179,757),
(760,308),
(750,860),
(714,579),
(387,454),
(713,478),
(210,197),
(91,651),
(308,296),
(320,346),
(416,809),
(56,506),
(45,680),
(879,754),
(473,786),
(15,205),
(88,176),
(103,452),
(380,846),
(413,167),
(378,595),
(56,830),
(620,303),
(77,450),
(369,389),
(249,887),
(58,550),
(625,478),
(612,814),
(619,25),
(263,235),
(547,269),
(300,251),
(99,876),
(561,817),
(408,291),
(526,306),
(464,63),
(718,691),
(727,897),
(723,48),
(425,717),
(799,855),
(381,556),
(417,381),
(673,815),
(749,157),
(147,764),
(485,850),
(125,506),
(19,811),
(591,550),
(673,71),
(541,282),
(185,341),
(434,629),
(447,199),
(597,535),
(524,706),
(424,731),
(425,341),
(781,767),
(776,868),
(775,662),
(649,17),
(772,236),
(161,335),
(753,693),
(871,720),
(539,486),
(632,834),
(312,583),
(751,689),
(213,506),
(309,235),
(681,344),
(678,700),
(522,678),
(100,302),
(814,570),
(455,226),
(183,542),
(578,817),
(639,400),
(361,4),
(223,725),
(576,127),
(8,858),
(890,108),
(580,831),
(28,193),
(444,91),
(76,884),
(293,759),
(737,512),
(680,347),
(49,396),
(593,842),
(216,894),
(586,209),
(280,156),
(692,85),
(569,898),
(250,562),
(585,388),
(402,323),
(400,35),
(536,559),
(487,171),
(54,554),
(551,577),
(290,619),
(892,221),
(205,285),
(39,400),
(788,75),
(720,210),
(247,355),
(648,846),
(862,898),
(261,546),
(766,703),
(256,381),
(798,286),
(692,448),
(243,882),
(251,528),
(107,823),
(51,319),
(579,260),
(258,386),
(108,772),
(288,279),
(679,446),
(876,604),
(256,101),
(726,155),
(517,863),
(317,775),
(539,634),
(514,731),
(781,898),
(582,471),
(866,270),
(520,497),
(271,239),
(88,714),
(851,147),
(487,147),
(161,204),
(84,80),
(207,229),
(330,32),
(622,575),
(396,80),
(687,522),
(810,778),
(659,779),
(290,769),
(713,333),
(566,624),
(500,333),
(649,21),
(538,663),
(363,152),
(755,772),
(137,117),
(618,198),
(368,516),
(259,40),
(349,686),
(146,160),
(383,317),
(168,367),
(836,828),
(670,877),
(367,676),
(276,692),
(832,813),
(398,134),
(621,507),
(439,482),
(239,134),
(738,120),
(597,599),
(768,274),
(97,152),
(792,819),
(552,39),
(436,64),
(388,717),
(323,329),
(794,96),
(105,455),
(359,830),
(445,97),
(687,274),
(345,317),
(502,277),
(139,712),
(478,46),
(752,524),
(86,749),
(280,197),
(41,314),
(583,65),
(292,210),
(742,620),
(2,577),
(253,256),
(693,212),
(316,633),
(19,138),
(714,837),
(24,780),
(828,797),
(787,575),
(855,767),
(246,485),
(372,484),
(605,185),
(446,508),
(195,269),
(304,886),
(49,311),
(897,580),
(15,445),
(306,105),
(13,739),
(626,562),
(90,588),
(667,813),
(864,841),
(45,116),
(95,500),
(794,787),
(754,430),
(578,530),
(373,321),
(88,737),
(371,110),
(543,79),
(835,594),
(135,281),
(487,52),
(501,61),
(728,26),
(267,604),
(169,835),
(557,505),
(688,541),
(199,682),
(221,443),
(423,150),
(478,404),
(499,488),
(157,594),
(749,647),
(221,322),
(803,159),
(869,21),
(238,408),
(715,681),
(301,382),
(659,528),
(433,203),
(753,176),
(622,859),
(57,307),
(567,501),
(492,273),
(780,87),
(692,748),
(77,131),
(170,350),
(715,145),
(260,813),
(689,713),
(726,108),
(544,772),
(462,383),
(323,459),
(579,648),
(93,614),
(824,445),
(883,822),
(632,178),
(369,357),
(376,43),
(93,601),
(652,272),
(291,6),
(834,235),
(592,527),
(468,536),
(587,895),
(351,488),
(863,303),
(883,508),
(661,749),
(745,158),
(589,594),
(460,126),
(597,460),
(738,380),
(272,92),
(609,357),
(188,627),
(760,404),
(442,814),
(410,310),
(19,573),
(552,266),
(219,161),
(507,434),
(674,211),
(87,880),
(460,547),
(832,887),
(380,50),
(135,402),
(204,45),
(417,840),
(253,896),
(486,333),
(634,702),
(425,166),
(852,459),
(495,856),
(120,850),
(409,757),
(585,485),
(249,464),
(636,237),
(76,626),
(734,807),
(661,393),
(666,859),
(378,19),
(384,10),
(534,377),
(434,421),
(876,568),
(153,747),
(305,735),
(486,747),
(612,140),
(860,797),
(782,572),
(401,581),
(796,480),
(143,340),
(95,723),
(524,814),
(466,73),
(543,317),
(864,732),
(712,642),
(415,600),
(246,142),
(539,892),
(228,264),
(481,191),
(334,849),
(124,768),
(872,496),
(772,161),
(605,488),
(186,792),
(185,526),
(471,675),
(650,160),
(206,171),
(196,769),
(844,149),
(221,182),
(557,287),
(465,707),
(527,730),
(160,900),
(41,399),
(3,866),
(17,289),
(618,199),
(83,260),
(120,118),
(467,465),
(522,685),
(47,584),
(20,788),
(533,46),
(136,556),
(711,720),
(25,512),
(517,893),
(183,615),
(591,361),
(582,771),
(698,289),
(660,292),
(95,243),
(84,490),
(872,756),
(727,311),
(30,404),
(57,672),
(179,216),
(763,817),
(801,617),
(267,758),
(419,352),
(322,122),
(427,110),
(831,706),
(649,269),
(827,195),
(57,540),
(315,632),
(714,752),
(245,518),
(170,261),
(36,472),
(140,97),
(475,732),
(879,71),
(404,257),
(561,442),
(657,8),
(228,790),
(836,316),
(705,687),
(168,558),
(243,412),
(865,622),
(514,419),
(528,132),
(444,173),
(793,145),
(505,821),
(841,370),
(169,219),
(402,4),
(389,749),
(226,5),
(460,63),
(508,595),
(175,57),
(808,832),
(77,669),
(472,47),
(143,524),
(151,554),
(373,490),
(889,107),
(197,835),
(527,544),
(372,798),
(850,382),
(616,283),
(250,656),
(126,229),
(183,812),
(192,133),
(559,829),
(392,527),
(706,267),
(618,234),
(157,110),
(298,233),
(185,120),
(181,184),
(688,369),
(879,274),
(607,137),
(831,279),
(781,413),
(146,646),
(174,237),
(406,803),
(480,860),
(831,79),
(848,223),
(680,349),
(603,866),
(52,668),
(779,780),
(258,355),
(295,825),
(59,372),
(870,706),
(754,449),
(804,831),
(330,45),
(85,169),
(602,733),
(558,835),
(126,115),
(193,36),
(56,840),
(440,767),
(710,153),
(536,696),
(37,311),
(699,672),
(114,712),
(425,703),
(858,805),
(225,215),
(736,737),
(323,823),
(141,42),
(513,42),
(561,126),
(59,771),
(717,706),
(427,187),
(195,468),
(885,110),
(430,186),
(151,727),
(698,75),
(833,467),
(264,66),
(577,259),
(656,393),
(366,675),
(385,208),
(779,266),
(115,66),
(44,417),
(112,898),
(102,759),
(662,868),
(761,836),
(677,348),
(468,77),
(808,255),
(22,605),
(552,140),
(225,848),
(237,840),
(598,560),
(145,107),
(803,344),
(433,329),
(486,167),
(55,801),
(667,294),
(682,395),
(748,685),
(20,65),
(239,75),
(463,51),
(770,357),
(111,472),
(436,671),
(770,77),
(246,736),
(427,811),
(592,406),
(158,18),
(870,332),
(303,84),
(794,463),
(451,856),
(421,885),
(250,122),
(277,317),
(545,436),
(184,80),
(695,419),
(868,470),
(725,86),
(68,777),
(319,177),
(601,583),
(590,591),
(311,877),
(358,305),
(342,41),
(450,94),
(437,804),
(476,703),
(878,367),
(423,56),
(194,357),
(415,827),
(846,635),
(376,121),
(734,147),
(539,3),
(737,898),
(484,812),
(710,274),
(48,626),
(66,823),
(331,379),
(18,355),
(646,89),
(862,416),
(366,353),
(31,674),
(254,667),
(227,154),
(420,473),
(323,880),
(288,432),
(647,876),
(107,862),
(811,634),
(148,883),
(894,200),
(818,272),
(526,444),
(348,400),
(886,162),
(395,772),
(807,59),
(519,154),
(493,773),
(283,155),
(651,215),
(839,664),
(440,600),
(156,104),
(899,18),
(428,214),
(144,741),
(552,11),
(307,764),
(896,310),
(2,280),
(59,884),
(157,355),
(315,737),
(365,343),
(391,187),
(450,873),
(317,630),
(339,62),
(482,228),
(707,553),
(607,589),
(710,458),
(602,739),
(386,119),
(489,382),
(350,340),
(774,98),
(760,223),
(344,435),
(650,455),
(127,165),
(813,778),
(322,707),
(96,617),
(148,66),
(424,845),
(782,69),
(312,4),
(176,424),
(320,273),
(326,895),
(788,806),
(119,724),
(103,120),
(13,697),
(108,354),
(165,315),
(600,692),
(723,80),
(217,884),
(288,543),
(240,770),
(242,181),
(538,289),
(441,780),
(508,251),
(696,733),
(863,269),
(686,229),
(254,881),
(480,202),
(859,340),
(761,627),
(56,563),
(348,425),
(723,777),
(290,530),
(236,882),
(152,61),
(696,632),
(82,840),
(444,77),
(518,424),
(405,622),
(137,43),
(65,85),
(20,534),
(832,788),
(452,805),
(622,641),
(645,714),
(162,165),
(223,293),
(380,279),
(640,643),
(169,345),
(372,849),
(339,578),
(840,42),
(42,313),
(492,825),
(268,654),
(48,780),
(440,18),
(847,473),
(76,837),
(479,125),
(412,71),
(98,478),
(169,523),
(664,651),
(588,50),
(206,483),
(791,386),
(645,370),
(126,892),
(4,194),
(47,278),
(759,810),
(678,723),
(680,265),
(541,706),
(750,284),
(188,680),
(331,690),
(546,81),
(315,486),
(238,154),
(229,228),
(720,751),
(116,853),
(394,253),
(577,113),
(420,302),
(266,411),
(380,2),
(132,823),
(186,81),
(509,62),
(509,875),
(20,285),
(128,173),
(462,671),
(181,204),
(454,57),
(623,425),
(250,864),
(228,253),
(480,572),
(215,500),
(533,1),
(757,158),
(716,687),
(668,718),
(86,5),
(549,802),
(339,67),
(436,700),
(428,749),
(160,87),
(453,363),
(864,408),
(32,374),
(889,258),
(719,536),
(730,273),
(344,528),
(435,705),
(694,693),
(793,728),
(261,380),
(450,251),
(229,80),
(762,891),
(382,536),
(433,788),
(420,96),
(304,598),
(91,646),
(335,425),
(559,843),
(37,436),
(509,393),
(104,103),
(815,865),
(330,608),
(71,388),
(368,402),
(502,826),
(675,704),
(757,65),
(561,875),
(141,441),
(190,313),
(509,79),
(107,851),
(351,710),
(562,723),
(886,41),
(501,427),
(163,604),
(260,765),
(895,858),
(397,241),
(505,875),
(460,287),
(760,408),
(150,201),
(783,878),
(564,259),
(653,372),
(84,807),
(587,437),
(115,616),
(400,140),
(774,722),
(874,591),
(347,12),
(401,170),
(625,821),
(570,672),
(725,308),
(706,275),
(153,569),
(56,838),
(833,290),
(635,478),
(118,38),
(767,387),
(301,888),
(598,478),
(182,452),
(255,701),
(192,624),
(499,24),
(493,291),
(542,844),
(567,348),
(735,449),
(870,76),
(414,349),
(842,840),
(626,801),
(603,471),
(607,832),
(687,415),
(178,764),
(447,303),
(35,826),
(193,60),
(168,767),
(334,727),
(621,853),
(135,153),
(2,24),
(333,341),
(698,55),
(419,318),
(588,440),
(4,580),
(859,248),
(22,593),
(672,475),
(404,454),
(780,233),
(322,624),
(670,768),
(699,414),
(614,389),
(725,581),
(497,51),
(471,833),
(121,122),
(339,326),
(123,10),
(88,200),
(692,329),
(834,489),
(387,679),
(606,427),
(677,410),
(380,251),
(130,608),
(88,327),
(219,352),
(31,578),
(431,164),
(385,774),
(778,315),
(835,493),
(465,613),
(258,259),
(202,726),
(150,824),
(463,588),
(435,381),
(733,42),
(392,707),
(463,497),
(197,362),
(117,825),
(721,565),
(726,143),
(723,306),
(616,111),
(739,132),
(232,597),
(349,756),
(764,255),
(649,46),
(256,760),
(116,316),
(416,637),
(107,831),
(848,203),
(328,178),
(233,247),
(213,792),
(674,110),
(807,877),
(556,209),
(195,508),
(566,129),
(448,610),
(540,888),
(466,326),
(259,742),
(108,762),
(209,181),
(17,832),
(783,544),
(671,406),
(895,834),
(675,329),
(164,338),
(586,757),
(588,322),
(701,179),
(228,891),
(411,300),
(235,164),
(557,610),
(123,858),
(244,590),
(260,897),
(397,627),
(270,475),
(518,113),
(311,880),
(715,140),
(103,240),
(632,330),
(603,424),
(62,93),
(343,262),
(629,295),
(584,537),
(579,397),
(191,457),
(833,716),
(307,270),
(619,3),
(453,871),
(106,650),
(737,600),
(805,274),
(745,476),
(772,489),
(374,530),
(141,42),
(219,305),
(297,486),
(84,747),
(790,823),
(22,192),
(510,400),
(888,779),
(815,383),
(133,139),
(641,563),
(310,468),
(623,489),
(828,285),
(159,562),
(114,812),
(101,50),
(525,171),
(259,732),
(722,333),
(304,352),
(21,84),
(581,342),
(17,807),
(711,340),
(888,611),
(242,448),
(595,380),
(629,17),
(409,257),
(900,382),
(214,409),
(156,855),
(832,345),
(430,170),
(350,272),
(158,249),
(464,526),
(55,293),
(8,648),
(45,319),
(252,556),
(17,813),
(437,54),
(391,548),
(883,518),
(186,258),
(455,868),
(79,125),
(63,368),
(85,90),
(290,796),
(144,725),
(45,361),
(127,627),
(326,689),
(97,466),
(153,711),
(486,554),
(426,621),
(671,842),
(601,603),
(684,5),
(283,848),
(459,891),
(705,816),
(53,730),
(479,165),
(412,353),
(611,452),
(793,610),
(711,557),
(192,443),
(157,661),
(537,665),
(628,14),
(623,26),
(809,610),
(772,600),
(464,785),
(770,782),
(346,176),
(833,39),
(194,804),
(836,635),
(159,876),
(511,831),
(694,749),
(96,127),
(227,294),
(884,242),
(48,807),
(266,847),
(670,457),
(27,342),
(419,828),
(419,556),
(223,752),
(29,663),
(824,605),
(734,36),
(661,466),
(412,428),
(38,55),
(637,539),
(487,30),
(472,121),
(857,622),
(781,232),
(456,705),
(631,296),
(759,899),
(244,861),
(625,894),
(111,675),
(166,737),
(814,542),
(112,846),
(624,645),
(240,156),
(835,839),
(873,668),
(603,663),
(351,684),
(425,255),
(873,457),
(16,350),
(377,284),
(774,363),
(530,726),
(69,734),
(60,816),
(526,182),
(560,694),
(620,290),
(775,684),
(234,756),
(872,605),
(849,423),
(478,386),
(849,356),
(750,40),
(176,699),
(235,150),
(830,511),
(28,428),
(698,298),
(177,830),
(53,309),
(216,455),
(151,9),
(28,785),
(111,449),
(806,399),
(697,818),
(359,741),
(673,744),
(867,98),
(559,486),
(7,761),
(649,748),
(690,295),
(187,186),
(391,794),
(276,410),
(174,151),
(699,854),
(475,443),
(736,8),
(250,537),
(674,430),
(325,735),
(636,491),
(400,340),
(209,809),
(740,822),
(675,393),
(118,355),
(300,136),
(900,305),
(660,182),
(416,454),
(15,575),
(234,3),
(601,778),
(81,69),
(337,450),
(622,97),
(649,845),
(215,492),
(730,348),
(244,286),
(5,233),
(566,537),
(879,237),
(488,565),
(658,640),
(695,819),
(167,186),
(15,788),
(420,75),
(454,778),
(281,550),
(648,280),
(213,273),
(333,164),
(254,724),
(637,444),
(208,36),
(152,208),
(654,614),
(792,477),
(761,664),
(812,874),
(93,450),
(419,863),
(522,73),
(765,380),
(125,774),
(184,163),
(549,468),
(298,853),
(7,447),
(492,427),
(881,186),
(807,844),
(264,16),
(20,299),
(494,722),
(846,577),
(749,21),
(309,2),
(497,72),
(36,71),
(588,675),
(423,858),
(413,553),
(834,545),
(14,124),
(84,240),
(111,480),
(657,298),
(143,492),
(143,51),
(309,574),
(397,194),
(363,165),
(643,673),
(701,25),
(122,752),
(550,808),
(642,349),
(417,472),
(32,379),
(519,659),
(562,740),
(337,515),
(733,553),
(506,813),
(699,210),
(782,167),
(510,653),
(116,46),
(402,507),
(324,818),
(339,51),
(311,314),
(638,531),
(158,591),
(255,333),
(291,407),
(307,831),
(451,408),
(365,271),
(98,430),
(523,696),
(126,385),
(403,723),
(200,889),
(25,899),
(254,497),
(553,108),
(158,794),
(380,187),
(379,768),
(239,871),
(721,27),
(94,17),
(620,48),
(701,585),
(764,208),
(23,536),
(99,833),
(593,398),
(522,762),
(795,172),
(824,681),
(285,121),
(888,491),
(286,597),
(277,785),
(455,92),
(786,713),
(35,86),
(50,826),
(223,334),
(193,690),
(211,375),
(812,381),
(348,605),
(688,68),
(256,885),
(35,164),
(504,825),
(487,77),
(314,232),
(649,252),
(808,824),
(768,4),
(347,41),
(101,781),
(879,93),
(757,892),
(879,544),
(118,735),
(575,170),
(273,747),
(457,827),
(817,887),
(567,336),
(852,758),
(879,629),
(115,374),
(458,67),
(437,36),
(873,492),
(534,307),
(654,743),
(183,93),
(90,309),
(75,804),
(93,229),
(471,833),
(108,864),
(446,174),
(175,200),
(224,226),
(326,800),
(736,877),
(147,694),
(777,59),
(893,249),
(689,344),
(586,416),
(808,585),
(478,416),
(242,900),
(202,286),
(548,843),
(468,628),
(530,238),
(286,259),
(763,653),
(711,686),
(37,222),
(604,660),
(240,202),
(533,865),
(458,440),
(348,863),
(97,200),
(112,764),
(663,157),
(715,761),
(308,461),
(181,339),
(218,418),
(197,753),
(210,112),
(380,169),
(63,608),
(670,199),
(660,626),
(786,26),
(748,168),
(39,862),
(774,253),
(641,373),
(409,205),
(479,29),
(663,810),
(649,326),
(416,703),
(815,438),
(297,308),
(410,565),
(344,541),
(861,684),
(158,822),
(140,846),
(790,691),
(278,863),
(393,297),
(72,692),
(81,251),
(641,405),
(650,500),
(645,155),
(779,36),
(612,188),
(315,390),
(466,820),
(289,618),
(501,722),
(309,265),
(180,483),
(197,654),
(94,115),
(436,27),
(774,806),
(792,327),
(874,604),
(480,747),
(195,447),
(84,201),
(848,361),
(411,48),
(639,407),
(505,371),
(228,516),
(731,47),
(163,496),
(743,352),
(163,138),
(225,148),
(697,840),
(831,313),
(260,384),
(84,629),
(753,660),
(565,844),
(398,308),
(842,724),
(865,700),
(142,532),
(399,260),
(859,48),
(602,592),
(865,484),
(388,886),
(157,88),
(885,126),
(619,275),
(290,487),
(782,438),
(618,344),
(787,576),
(181,597),
(725,886),
(640,676),
(538,688),
(366,182),
(50,359),
(565,300),
(97,25),
(635,809),
(833,456),
(353,29),
(363,432),
(579,29),
(506,657),
(13,83),
(3,112),
(793,191),
(138,290),
(831,796),
(704,784),
(757,326),
(849,844),
(66,32),
(898,163),
(199,703),
(781,782),
(389,448),
(631,277),
(18,550),
(637,793),
(521,67),
(13,441),
(70,49),
(729,590),
(727,276),
(770,734),
(70,766),
(102,423),
(669,794),
(568,890),
(471,70),
(764,269),
(753,126),
(774,111),
(157,176),
(304,480),
(433,351),
(270,240),
(198,670),
(583,117),
(439,756),
(267,847),
(98,649),
(205,735),
(207,613),
(797,739),
(335,430),
(879,287),
(431,674),
(509,221),
(606,806),
(489,670),
(522,710),
(371,373),
(390,182),
(76,275),
(62,364),
(360,94),
(795,716),
(324,166),
(370,550),
(363,378),
(819,587),
(447,258),
(591,587),
(286,744),
(438,824),
(604,478),
(670,826),
(206,584),
(874,568),
(717,55),
(745,174),
(737,686),
(51,254),
(474,140),
(439,239),
(588,642),
(645,583),
(2,741),
(456,166),
(760,302),
(639,33),
(806,514),
(472,96),
(138,647),
(44,66),
(159,535),
(579,859),
(481,453),
(493,248),
(490,567),
(840,34),
(593,521),
(204,701),
(875,513),
(117,83),
(138,322),
(225,894),
(492,444),
(175,137),
(810,646),
(729,59),
(145,275),
(414,312),
(469,343),
(633,95),
(61,523),
(666,752),
(350,504),
(105,250),
(462,749),
(595,557),
(89,398),
(614,453),
(97,185),
(791,203),
(838,289),
(248,8),
(882,641),
(525,512),
(364,707),
(211,845),
(510,834),
(499,130),
(317,67),
(40,310),
(98,28),
(781,736),
(388,897),
(685,170),
(514,435),
(89,51),
(22,261),
(440,185),
(336,796),
(568,582),
(534,257),
(754,737),
(581,707),
(520,201),
(139,464),
(614,298),
(382,267),
(663,75),
(312,191),
(275,875),
(450,112),
(464,809),
(790,486),
(717,467),
(438,796),
(871,188),
(155,787),
(249,259),
(700,620),
(355,314),
(360,863),
(688,503),
(493,178),
(140,296),
(231,616),
(189,300),
(557,107),
(208,505),
(651,891),
(72,438),
(13,42),
(440,334),
(119,33),
(574,544),
(484,654),
(891,224),
(16,469),
(501,788),
(250,802),
(487,889),
(314,66),
(306,55),
(865,46),
(735,896),
(829,138),
(290,639),
(137,638),
(865,377),
(757,319),
(11,36),
(137,544),
(635,19),
(354,603),
(203,871),
(880,567),
(500,790),
(563,50),
(230,405),
(508,13),
(768,670),
(54,136),
(38,695),
(249,570),
(348,516),
(707,433),
(878,533),
(747,676),
(759,37),
(557,59),
(647,351),
(823,775),
(680,879),
(458,687),
(48,611),
(449,702),
(546,605),
(250,622),
(317,446),
(59,476),
(325,844),
(368,465),
(296,22),
(194,890),
(291,691),
(11,891),
(693,608),
(188,48),
(215,18),
(249,218),
(519,795),
(577,842),
(531,744),
(124,660),
(415,466),
(524,83),
(644,52),
(66,129),
(517,684),
(174,538),
(615,10),
(703,485),
(290,510),
(688,533),
(500,788),
(662,260),
(601,740),
(389,23),
(140,792),
(438,128),
(740,488),
(469,591),
(836,281),
(780,694),
(574,41),
(215,762),
(256,338),
(553,543),
(636,519),
(250,276),
(838,839),
(194,121),
(411,465),
(13,444),
(789,545),
(138,498),
(78,676),
(809,672),
(715,416),
(67,364),
(494,738),
(172,212),
(733,238),
(392,34),
(732,188),
(441,839),
(747,782),
(208,152),
(466,304),
(367,552),
(461,137),
(17,55),
(139,713),
(284,546),
(682,436),
(136,609),
(631,727),
(457,673),
(133,34),
(526,806),
(42,257),
(757,226),
(520,134),
(708,590),
(451,690),
(364,53),
(460,881),
(66,883),
(804,189),
(886,667),
(652,525),
(374,860),
(820,697),
(882,577),
(373,832),
(624,79),
(570,118),
(227,39),
(706,101),
(784,120),
(836,609),
(457,790),
(826,771),
(473,1),
(726,245),
(230,734),
(95,467),
(581,296),
(835,671),
(353,781),
(762,692),
(671,707),
(457,872),
(412,745),
(823,418),
(246,849),
(280,201),
(262,741),
(97,76),
(649,305),
(631,504),
(833,354),
(551,631),
(519,62),
(32,156),
(72,102),
(192,496),
(168,506),
(1,764),
(161,234),
(698,335),
(637,845),
(497,155),
(772,333),
(877,686),
(621,356),
(354,631),
(321,9),
(434,399),
(646,339),
(115,769),
(256,396),
(47,591),
(540,845),
(837,569),
(731,751),
(244,512),
(242,643),
(899,699),
(34,725),
(589,485),
(793,183),
(898,336),
(373,726),
(538,765),
(893,728),
(766,567),
(62,696),
(129,171),
(651,68),
(113,524),
(445,53),
(619,164),
(121,172),
(234,346),
(571,169),
(375,776),
(541,869),
(762,408),
(821,610),
(819,512),
(418,813),
(805,542),
(770,54),
(775,587),
(865,560),
(734,498),
(897,792),
(87,305),
(853,524),
(717,147),
(688,767),
(334,354),
(506,452),
(768,393),
(280,884),
(13,724),
(562,185),
(216,247),
(156,364),
(432,325),
(610,335),
(665,745),
(880,274),
(566,570),
(39,509),
(314,10),
(164,88),
(566,232),
(545,9),
(843,402),
(215,241),
(38,217),
(740,529),
(219,343),
(820,560),
(646,891),
(657,288),
(796,153),
(209,21),
(224,734),
(229,253),
(524,27),
(825,521),
(153,516),
(520,5),
(232,899),
(664,897),
(369,502),
(407,436),
(652,103),
(407,506),
(346,718),
(755,422),
(621,249),
(301,109),
(856,680),
(207,797),
(318,643),
(65,323),
(617,28),
(697,96),
(128,428),
(482,844),
(21,139),
(352,881),
(186,393),
(668,687),
(429,769),
(736,749),
(376,227),
(890,169),
(781,307),
(825,564),
(713,474),
(147,716),
(430,531),
(820,477),
(18,786),
(866,394),
(97,399),
(284,553),
(767,278),
(233,594),
(410,270),
(541,663),
(281,692),
(244,117),
(827,538),
(590,327),
(390,858),
(353,440),
(479,735),
(190,301),
(325,234),
(305,519),
(322,5),
(598,143),
(234,311),
(890,551),
(312,268),
(343,239),
(237,794),
(516,66),
(825,728),
(715,54),
(213,267),
(473,171),
(517,108),
(874,657),
(839,700),
(693,578),
(556,430),
(600,484),
(592,381),
(702,138),
(558,23),
(394,17),
(5,811),
(113,507),
(567,269),
(391,19),
(467,81),
(344,651),
(787,485),
(213,443),
(505,541),
(851,105),
(819,41),
(896,458),
(635,240),
(488,143),
(315,617),
(177,109),
(46,699),
(280,250),
(112,768),
(698,628),
(430,890),
(112,52),
(573,20),
(762,392),
(621,899),
(771,444),
(776,607),
(598,258),
(237,789),
(801,888),
(893,288),
(228,234),
(704,415),
(382,371),
(592,555),
(359,10),
(308,233),
(531,284),
(656,3),
(690,854),
(394,645),
(710,610),
(870,279),
(20,204),
(512,665),
(815,824),
(739,667),
(228,251),
(800,546),
(160,639),
(755,30),
(278,180),
(593,386),
(744,384),
(565,8),
(640,521),
(225,304),
(368,590),
(535,764),
(46,318),
(316,687),
(128,217),
(632,222),
(126,83),
(62,288),
(593,848),
(776,622),
(670,43),
(196,787),
(346,572),
(587,135),
(276,505),
(387,422),
(770,326),
(325,464),
(423,274),
(599,600),
(599,164),
(674,429),
(236,588),
(602,207),
(265,158),
(812,887),
(433,870),
(595,474),
(389,61),
(199,605),
(71,193),
(137,813),
(893,319),
(502,445),
(370,153),
(753,163),
(610,192),
(575,177),
(20,400),
(121,425),
(683,301),
(579,724),
(830,328),
(464,250),
(811,813),
(731,503),
(302,877),
(189,798),
(699,180),
(125,689),
(211,57),
(813,74),
(113,92),
(177,624),
(274,560),
(508,191),
(693,589),
(173,539),
(416,527),
(826,408),
(509,571),
(827,312),
(792,104),
(132,473),
(272,707),
(316,564),
(597,31),
(412,351),
(276,205),
(300,731),
(356,614),
(590,300),
(410,168),
(332,402),
(425,491),
(68,671),
(466,627),
(291,401),
(530,425),
(236,286),
(236,893),
(346,273),
(350,305),
(354,740),
(641,846),
(377,736),
(124,498),
(299,35),
(528,14),
(236,378),
(439,878),
(111,220),
(897,307),
(414,753),
(844,757),
(796,206),
(426,430),
(299,61),
(538,437),
(319,556),
(19,437),
(99,586),
(355,299),
(343,174),
(409,811),
(644,755),
(733,303),
(511,505),
(841,626),
(232,18),
(848,529),
(336,468),
(3,617),
(745,100),
(809,628),
(322,346),
(830,765),
(438,875),
(742,602),
(581,66),
(783,45),
(642,825),
(872,634),
(591,555),
(408,889),
(188,558),
(181,308),
(191,329),
(786,269),
(430,151),
(69,456),
(599,457),
(834,694),
(3,198),
(822,670),
(19,195),
(900,708),
(704,367),
(494,26),
(834,537),
(721,385),
(32,322),
(224,621),
(476,755),
(110,43),
(291,224),
(489,497),
(143,684),
(559,232),
(300,850),
(397,630),
(282,793),
(861,431),
(201,242),
(353,581),
(378,261),
(822,355),
(172,181),
(228,116),
(58,545),
(218,309),
(92,649),
(579,559),
(189,154),
(55,6),
(298,124),
(775,17),
(282,181),
(534,91),
(746,227),
(703,689),
(719,22),
(608,489),
(380,846),
(14,643),
(481,649),
(486,536),
(530,781),
(101,479),
(391,723),
(242,833),
(576,147),
(675,824),
(301,418),
(404,726),
(39,552),
(584,97),
(650,842),
(239,169),
(544,111),
(832,141),
(425,34),
(252,783),
(322,189),
(811,91),
(222,769),
(399,183),
(561,821),
(69,491),
(818,141),
(73,129),
(223,142),
(709,479),
(247,811),
(706,660),
(563,730),
(857,637),
(363,381),
(360,278),
(70,263),
(290,298),
(635,823),
(781,400),
(426,707),
(510,334),
(870,642),
(516,91),
(611,138),
(96,190),
(597,486),
(694,607),
(473,400),
(419,849),
(799,326),
(784,881),
(111,5),
(125,796),
(873,893),
(844,168),
(482,183),
(292,361),
(98,871),
(828,452),
(422,658),
(748,81),
(787,690),
(266,53),
(749,738),
(41,81),
(317,232),
(430,337),
(176,427),
(356,81),
(892,826),
(363,362),
(221,421),
(265,486),
(678,228),
(400,306),
(895,623),
(544,671),
(630,190),
(641,854),
(241,896),
(897,679),
(619,493),
(888,137),
(385,111),
(444,499),
(174,221),
(591,721),
(276,895),
(182,583),
(461,747),
(25,898),
(525,743),
(644,68),
(198,388),
(135,833),
(165,484),
(179,673),
(330,168),
(608,337),
(691,680),
(91,645),
(579,570),
(496,682),
(821,699),
(67,731),
(757,599),
(843,140),
(181,873),
(255,530),
(603,773),
(695,52),
(733,89),
(678,473),
(675,151),
(330,55),
(208,119),
(81,446),
(756,178),
(621,500),
(260,548),
(670,374),
(536,484),
(327,328),
(46,13),
(705,469),
(542,268),
(173,36),
(553,181),
(842,586),
(469,685),
(747,383),
(154,792),
(483,85),
(893,815),
(811,445),
(462,642),
(669,22),
(216,247),
(232,850),
(467,539),
(549,586),
(430,822),
(196,809),
(514,404),
(42,655),
(374,532),
(819,247),
(560,351),
(107,674),
(210,524),
(138,686),
(727,567),
(795,176),
(426,112),
(492,264),
(124,214),
(738,293),
(128,718),
(871,715),
(382,723),
(547,879),
(223,669),
(302,853),
(818,72),
(857,607),
(70,193),
(315,88),
(295,518),
(820,612),
(676,225),
(862,304),
(660,231),
(820,210),
(415,450),
(273,825),
(859,742),
(691,885),
(403,567),
(186,659),
(6,226),
(544,335),
(166,576),
(356,557),
(125,492),
(296,212),
(295,367),
(46,656),
(563,787),
(807,191),
(425,419),
(310,900),
(780,861),
(521,222),
(599,809),
(440,888),
(795,199),
(681,581),
(849,737),
(653,822),
(594,233),
(506,165),
(61,587),
(417,521),
(27,510),
(235,577),
(777,520),
(674,627),
(584,346),
(26,447),
(121,781),
(317,370),
(144,721),
(4,168),
(817,673),
(830,176),
(681,554),
(650,120),
(781,364),
(4,893),
(431,198),
(80,464),
(255,76),
(68,79),
(436,63),
(173,17),
(662,406),
(711,389),
(423,728),
(661,526),
(490,830),
(497,768),
(525,115),
(373,553),
(356,443),
(74,682),
(5,50),
(476,638),
(374,520),
(716,639),
(725,654),
(249,838),
(106,129),
(559,868),
(690,107),
(541,330),
(828,665),
(302,2),
(599,876),
(553,393),
(332,830),
(292,487),
(210,860),
(202,339),
(375,863),
(251,92),
(718,159),
(629,127),
(633,800),
(562,670),
(479,181),
(589,829),
(656,225),
(23,585),
(892,259),
(515,508),
(393,784),
(420,106),
(73,398),
(46,873),
(146,612),
(320,325),
(876,878),
(351,154),
(695,520),
(801,521),
(655,219),
(92,680),
(591,47),
(337,614),
(698,430),
(778,785),
(825,39),
(61,265),
(735,53),
(453,395),
(720,645),
(523,814),
(871,834),
(399,186),
(532,759),
(531,662),
(158,267),
(210,628),
(418,13),
(773,879),
(125,294),
(128,158),
(502,64),
(451,265),
(277,535),
(580,102),
(201,471),
(786,379),
(347,182),
(520,672),
(734,805),
(729,4),
(737,586),
(265,483),
(852,389),
(605,388),
(571,641),
(428,564),
(354,172),
(397,2),
(86,393),
(441,35),
(835,285),
(485,125),
(450,887),
(741,490),
(769,55),
(376,475),
(559,408),
(847,710),
(544,9),
(276,95),
(229,803),
(730,857),
(744,164),
(648,738),
(238,821),
(870,15),
(899,550),
(155,758),
(789,393),
(570,284),
(456,572),
(710,162),
(385,335),
(33,99),
(300,317),
(473,191),
(673,382),
(716,499),
(107,457),
(549,91),
(472,770),
(589,308),
(314,286),
(330,317),
(821,852),
(638,547),
(285,160),
(166,794),
(351,123),
(141,297),
(409,465),
(454,73),
(57,477),
(554,851),
(269,325),
(508,510),
(850,394),
(506,498),
(170,110),
(666,199),
(616,192),
(759,728),
(311,139),
(775,262),
(765,230),
(231,886),
(589,99),
(442,513),
(766,643),
(419,515),
(282,325),
(385,753),
(605,219),
(321,214),
(440,251),
(388,310),
(504,97),
(664,744),
(895,691),
(615,882),
(683,800),
(302,756),
(704,750),
(743,492),
(729,167),
(232,127),
(781,362),
(12,231),
(54,464),
(331,801),
(780,104),
(568,127),
(482,218),
(420,61),
(138,182),
(821,226),
(244,482),
(279,810),
(563,418),
(312,289),
(747,446),
(23,728),
(277,810),
(194,361),
(700,775),
(460,155),
(569,80),
(653,797),
(619,405),
(844,414),
(529,594),
(833,610),
(884,178),
(61,700),
(110,414),
(244,317),
(81,484),
(203,840),
(431,859),
(201,859),
(478,137),
(632,726),
(841,538),
(405,608),
(403,70),
(338,213),
(85,313),
(430,217),
(668,722),
(568,732),
(258,350),
(563,677),
(488,417),
(874,294),
(9,605),
(156,329),
(276,287),
(695,416),
(710,363),
(398,388),
(74,155),
(859,6),
(66,717),
(372,308),
(882,888),
(191,377),
(327,168),
(562,510),
(705,402),
(116,555),
(132,175),
(628,684),
(806,285),
(248,139),
(47,621),
(147,479),
(409,366),
(491,460),
(633,205),
(255,196),
(60,343),
(221,305),
(853,285),
(820,268),
(283,872),
(272,544),
(132,690),
(571,478),
(363,398),
(522,893),
(426,833),
(651,327),
(612,489),
(610,483),
(363,305),
(114,102),
(60,492),
(597,644),
(22,126),
(197,361),
(225,34),
(688,345),
(697,609),
(56,811),
(837,323),
(707,581),
(620,711),
(627,411),
(314,685),
(338,115),
(766,724),
(818,319),
(152,184),
(385,21),
(497,98),
(554,333),
(3,23),
(540,194),
(783,377),
(537,142),
(580,597),
(713,629),
(653,581),
(171,162),
(241,108),
(4,669),
(114,278),
(413,94),
(877,122),
(671,171),
(29,163),
(680,72),
(241,260),
(515,75),
(129,443),
(605,619),
(607,769),
(452,639),
(432,661),
(454,261),
(642,203),
(596,68),
(790,855),
(91,246),
(231,108),
(340,811),
(387,611),
(216,104),
(712,326),
(365,366),
(784,5),
(544,184),
(349,176),
(421,620),
(13,489),
(619,893),
(197,114),
(729,852),
(205,3),
(699,430),
(880,32),
(537,414),
(272,753),
(705,303),
(548,589),
(661,785),
(611,533),
(62,17),
(235,696),
(117,724),
(242,528),
(110,657),
(343,140),
(30,393),
(146,20),
(427,831),
(610,859),
(651,44),
(630,307),
(635,770),
(315,201),
(96,14),
(330,256),
(171,637),
(210,309),
(613,476),
(51,493),
(501,400),
(524,313),
(293,650),
(402,540),
(638,327),
(546,477),
(736,869),
(54,5),
(831,819),
(354,272),
(206,280),
(97,740),
(265,280),
(377,570),
(66,286),
(54,898),
(273,716),
(566,23),
(233,359),
(172,827),
(97,159),
(754,18),
(86,31),
(775,818),
(524,832),
(446,612),
(106,592),
(770,542),
(202,22),
(139,761),
(50,495),
(172,176),
(191,676),
(754,16),
(694,726),
(48,149),
(639,638),
(216,161),
(581,418),
(622,601),
(11,200),
(658,824),
(312,386),
(893,570),
(274,21),
(143,58),
(102,57),
(776,338),
(62,19),
(423,392),
(495,637),
(765,447),
(602,333),
(723,647),
(469,788),
(777,259),
(235,156),
(575,653),
(160,784),
(775,690),
(124,493),
(476,475),
(344,481),
(227,265),
(510,700),
(60,43),
(385,795),
(596,89),
(514,89),
(679,844),
(369,185),
(347,425),
(872,126),
(16,581),
(144,406),
(291,460),
(854,309),
(327,154),
(677,15),
(133,851),
(575,317),
(686,641),
(186,146),
(453,327),
(303,538),
(294,431),
(654,95),
(100,372),
(737,249),
(253,543),
(197,492),
(406,727),
(412,891),
(225,689),
(519,715),
(346,265),
(554,698),
(659,678),
(621,531),
(900,188),
(687,605),
(439,650),
(790,159),
(36,348),
(871,759),
(828,270),
(139,652),
(771,166),
(657,464),
(496,870),
(774,43),
(670,747),
(183,602),
(882,252),
(618,213),
(468,36),
(565,855),
(286,629),
(264,441),
(789,254),
(482,485),
(113,293),
(451,813),
(819,271),
(44,529),
(125,379),
(59,664),
(603,449),
(404,421),
(274,874),
(250,161),
(243,511),
(575,850),
(126,352),
(700,712),
(162,348),
(694,557),
(197,440),
(437,755),
(310,267),
(176,79),
(542,678),
(182,739),
(775,339),
(89,869),
(268,600),
(633,678),
(490,854),
(509,811),
(481,821),
(637,199),
(145,851),
(897,713),
(537,244),
(672,92),
(19,188),
(677,692),
(274,304),
(169,128),
(404,646),
(288,6),
(57,799),
(121,517),
(32,836),
(326,107),
(731,494),
(455,304),
(422,621),
(77,842),
(369,871),
(643,790),
(783,582),
(103,525),
(655,366),
(610,23),
(281,611),
(35,401),
(770,42),
(429,394),
(784,893),
(51,725),
(726,572),
(192,229),
(390,683),
(832,858),
(769,270),
(582,198),
(402,697),
(795,755),
(39,181),
(75,179),
(872,722),
(567,378),
(828,640),
(533,399),
(900,856),
(899,720),
(588,7),
(694,555),
(236,817),
(729,88),
(563,834),
(269,144),
(532,732),
(895,12),
(611,58),
(105,39),
(397,125),
(337,883),
(81,581),
(442,619),
(828,516),
(303,131),
(544,754),
(268,404),
(407,565),
(251,587),
(438,735),
(395,893),
(806,716),
(49,510),
(454,562),
(586,146),
(665,640),
(520,90),
(71,147),
(703,880),
(663,852),
(357,253),
(349,354),
(6,92),
(514,422),
(379,37),
(882,828),
(575,273),
(282,239),
(724,356),
(791,377),
(377,179),
(251,223),
(844,896),
(113,825),
(519,50),
(581,662),
(604,26),
(648,423),
(844,36),
(474,453),
(422,503),
(819,754),
(88,639),
(586,381),
(777,621),
(67,440),
(281,15),
(172,588),
(420,286),
(563,332),
(51,250),
(618,595),
(646,764),
(285,203),
(447,302),
(415,18),
(298,527),
(310,755),
(621,772),
(808,607),
(183,507),
(833,831),
(254,693),
(274,740),
(23,156),
(241,116),
(856,443),
(221,362),
(110,775),
(81,721),
(301,506),
(130,499),
(441,150),
(312,811),
(320,275),
(717,509),
(820,17),
(47,675),
(823,881),
(769,552),
(70,876),
(710,99),
(180,28),
(512,320),
(144,487),
(401,348),
(449,618),
(769,191),
(149,752),
(2,529),
(477,803),
(165,339),
(584,850),
(99,774),
(47,481),
(383,103),
(447,705),
(103,175),
(356,396),
(846,57),
(554,4),
(659,381),
(589,611),
(649,713),
(692,540),
(174,176),
(483,746),
(853,541),
(439,12),
(526,673),
(685,480),
(366,173),
(480,566),
(621,789),
(97,759),
(865,20),
(715,438),
(553,267),
(602,417),
(655,876),
(587,817),
(711,225),
(628,718),
(400,122),
(469,567),
(696,142),
(348,9),
(445,649),
(38,208),
(769,561),
(526,396),
(33,834),
(822,599),
(482,489),
(590,539),
(237,164),
(108,28),
(391,580),
(220,462),
(80,809),
(591,173),
(552,160),
(539,428),
(174,598),
(492,527),
(862,495),
(695,733),
(847,297),
(206,618),
(712,718),
(261,212),
(350,731),
(286,666),
(721,487),
(426,436),
(667,487),
(640,596),
(365,216),
(41,738),
(865,825),
(72,336),
(753,580),
(848,682),
(499,846),
(761,28),
(699,452),
(426,619),
(832,697),
(114,437),
(237,446),
(203,683),
(226,613),
(640,718),
(532,98),
(706,372),
(382,488),
(20,402),
(319,181),
(577,54),
(806,817),
(668,105),
(390,86),
(554,309),
(633,142),
(53,497),
(612,226),
(388,885),
(243,374),
(236,622),
(674,887),
(249,711),
(620,405),
(569,807),
(821,78),
(689,227),
(370,17),
(431,206),
(358,97),
(737,860),
(131,201),
(450,462),
(477,629),
(240,803),
(780,246),
(855,691),
(29,322),
(435,415),
(620,551),
(120,105),
(685,127),
(733,308),
(47,100),
(718,19),
(705,852),
(15,538),
(341,291),
(212,689),
(321,812),
(23,862),
(492,49),
(453,141),
(75,867),
(195,854),
(689,822),
(313,560),
(98,365),
(894,845),
(224,203),
(117,489),
(168,883),
(212,276),
(718,740),
(364,836),
(151,227),
(220,441),
(369,869),
(230,283),
(87,160),
(538,883),
(650,325),
(3,158),
(748,191),
(424,323),
(253,156),
(85,114),
(810,153),
(314,831),
(353,491),
(819,344),
(313,261),
(15,593),
(54,808),
(98,598),
(677,240),
(859,232),
(848,188),
(528,337),
(882,70),
(370,609),
(489,590),
(406,531),
(571,892),
(875,522),
(631,20),
(135,501),
(347,495),
(686,169),
(731,571),
(346,516),
(87,106),
(188,675),
(464,158),
(146,506),
(383,77),
(465,815),
(697,52),
(269,862),
(263,319),
(117,77),
(246,370),
(149,68),
(824,637),
(65,683),
(691,836),
(68,770),
(315,698),
(860,447),
(445,153),
(679,384),
(437,762),
(872,860),
(446,215),
(584,150),
(121,86),
(361,405),
(475,578),
(460,867),
(576,97),
(689,871),
(415,555),
(164,320),
(885,474),
(825,669),
(683,868),
(327,671),
(451,537),
(232,10),
(610,618),
(796,132),
(850,244),
(47,201),
(329,66),
(586,109),
(878,331),
(536,783),
(142,409),
(412,363),
(547,840),
(773,895),
(878,754),
(25,141),
(630,27),
(751,193),
(415,692),
(838,349),
(452,120),
(840,688),
(158,657),
(407,82),
(547,801),
(699,696),
(162,55),
(481,506),
(85,524),
(880,739),
(424,252),
(64,441),
(306,898),
(8,324),
(471,865),
(424,142),
(229,825),
(333,669),
(236,563),
(282,119),
(758,520),
(92,654),
(236,766),
(664,74),
(725,687),
(644,100),
(615,575),
(741,169),
(448,376),
(112,791),
(290,690),
(722,333),
(6,898),
(476,656),
(528,521),
(612,575),
(794,194),
(516,137),
(368,146),
(505,115),
(59,113),
(499,707),
(762,385),
(700,792),
(700,659),
(756,114),
(519,305),
(50,1),
(308,478),
(763,159),
(141,548),
(2,333),
(553,329),
(681,823),
(379,272),
(372,754),
(441,265),
(476,337),
(336,873),
(320,490),
(301,41),
(860,38),
(786,871),
(669,220),
(689,644),
(856,487),
(136,534),
(262,449),
(148,1),
(355,590),
(124,502),
(146,54),
(439,574),
(118,633),
(862,651),
(382,446),
(478,225),
(644,309),
(457,294),
(659,255),
(34,627),
(678,243),
(788,757),
(545,572),
(815,586),
(858,331),
(590,301),
(367,53),
(878,286),
(77,752),
(62,522),
(586,687),
(842,144),
(601,841),
(693,543),
(224,756),
(239,403),
(316,538),
(648,546),
(508,52),
(446,368),
(299,689),
(467,217),
(889,880),
(880,77),
(51,420),
(425,359),
(65,451),
(367,667),
(311,419),
(745,375),
(48,259),
(857,514),
(363,283),
(644,400),
(189,6),
(552,396),
(814,587),
(571,367),
(749,595),
(900,777),
(888,716),
(697,271),
(688,541),
(244,697),
(598,628),
(32,733),
(796,274),
(538,856),
(358,149),
(225,79),
(801,824),
(508,155),
(793,437),
(479,168),
(444,508),
(168,104),
(825,624),
(196,370),
(178,278),
(233,468),
(185,313),
(387,615),
(9,779),
(409,760),
(525,254),
(867,221),
(753,206),
(4,729),
(813,148),
(686,379),
(392,781),
(471,51),
(394,589),
(397,303),
(479,77),
(827,532),
(78,604),
(325,490),
(555,682),
(157,180),
(181,354),
(725,67),
(840,383),
(626,323),
(752,24),
(109,12),
(110,618),
(783,250),
(447,161),
(386,796),
(105,825),
(277,492),
(32,100),
(125,468),
(11,529),
(752,807),
(529,158),
(290,391),
(724,788),
(106,292),
(130,549),
(526,617),
(302,479),
(528,339),
(235,308),
(744,335),
(259,563),
(112,304),
(276,816),
(266,756),
(663,201),
(297,679),
(763,452),
(517,112),
(843,722),
(688,179),
(652,875),
(236,417),
(506,408),
(619,395),
(436,803),
(136,311),
(659,188),
(313,294),
(347,875),
(897,844),
(116,861),
(860,813),
(747,414),
(218,379),
(768,74),
(674,125),
(637,359),
(484,449),
(327,519),
(447,60),
(568,403),
(619,488),
(763,684),
(70,792),
(247,328),
(53,435),
(809,331),
(92,842),
(163,739),
(881,794),
(98,611),
(170,242),
(820,866),
(386,696),
(434,814),
(281,623),
(757,873),
(164,718),
(163,419),
(446,68),
(334,348),
(738,729),
(84,314),
(164,40),
(740,389),
(661,681),
(435,490),
(523,611),
(614,530),
(271,129),
(572,20),
(512,882),
(894,849),
(156,195),
(370,170),
(652,341),
(52,411),
(440,231),
(890,551),
(372,412),
(222,111),
(528,58),
(586,631),
(270,129),
(292,528),
(441,495),
(575,305),
(513,417),
(124,471),
(73,168),
(821,730),
(569,770),
(558,562),
(209,404),
(364,700),
(372,196),
(714,603),
(488,709),
(837,536),
(743,52),
(871,499),
(386,65),
(561,460),
(218,286),
(279,628),
(703,34),
(337,40),
(654,700),
(448,747),
(398,900),
(397,617),
(315,472),
(285,323),
(74,200),
(861,412),
(125,77),
(38,833),
(183,350),
(218,121),
(505,619),
(338,601),
(525,14),
(816,133),
(141,101),
(880,170),
(817,699),
(619,540),
(806,570),
(759,256),
(45,821),
(208,91),
(837,230),
(321,90),
(25,772),
(519,142),
(124,260),
(278,883),
(424,460),
(770,367),
(671,652),
(323,45),
(850,502),
(423,629),
(808,527),
(149,483),
(549,696),
(263,178),
(75,384),
(634,390),
(9,481),
(842,648),
(629,818),
(518,398),
(190,313),
(261,842),
(391,383),
(334,148),
(662,557),
(347,16),
(698,105),
(83,793),
(697,490),
(683,218),
(564,316),
(775,389),
(799,899),
(775,564),
(557,188),
(344,197),
(836,388),
(145,818),
(589,325),
(707,53),
(511,361),
(183,694),
(821,11),
(709,690),
(329,713),
(209,343),
(791,169),
(555,446),
(287,717),
(654,217),
(179,446),
(582,322),
(235,502),
(135,148),
(790,515),
(674,62),
(318,19),
(237,871),
(873,1),
(686,105),
(642,378),
(752,155),
(349,498),
(238,768),
(259,653),
(861,625),
(314,844),
(829,407),
(338,140),
(260,363),
(432,610),
(373,799),
(499,722),
(656,93),
(253,195),
(700,755),
(124,55),
(356,196),
(385,102),
(240,52),
(554,852),
(208,61),
(30,754),
(486,137),
(326,64),
(277,167),
(150,35),
(810,108),
(314,270),
(689,498),
(168,469),
(109,766),
(166,561),
(54,448),
(545,796),
(245,345),
(634,453),
(408,347),
(260,788),
(643,572),
(580,637),
(853,658),
(728,507),
(390,748),
(660,527),
(48,711),
(368,128),
(651,239),
(785,512),
(685,93),
(748,467),
(841,284),
(178,560),
(408,19),
(555,468),
(405,465),
(771,861),
(263,868),
(147,243),
(122,767),
(230,478),
(182,850),
(528,756),
(766,778),
(341,486),
(331,82),
(879,432),
(28,136),
(584,75),
(663,449),
(170,868),
(161,274),
(214,307),
(71,450),
(451,177),
(155,203),
(535,524),
(807,846),
(775,162),
(4,804),
(766,380),
(807,635),
(167,788),
(851,228),
(400,527),
(744,635),
(503,50),
(513,876),
(162,846),
(544,23),
(896,785),
(544,79),
(445,422),
(325,503),
(706,43),
(420,179),
(477,179),
(820,345),
(459,637),
(99,534),
(120,661),
(506,298),
(759,515),
(539,376),
(95,665),
(275,425),
(176,354),
(577,487),
(607,221),
(224,131),
(880,719),
(248,648),
(82,533),
(712,858),
(79,583),
(332,108),
(760,423),
(256,170),
(321,844),
(825,337),
(653,443),
(839,43),
(533,719),
(393,141),
(9,738),
(731,662),
(449,706),
(523,608),
(180,266),
(239,8),
(860,532),
(773,304),
(436,46),
(110,426),
(135,298),
(290,140),
(797,647),
(613,896),
(692,524),
(476,820),
(890,533),
(196,240),
(155,868),
(177,179),
(841,503),
(189,533),
(253,834),
(711,654),
(832,91),
(25,728),
(211,360),
(176,740),
(676,633),
(31,498),
(215,255),
(458,690),
(873,205),
(137,391),
(766,48),
(497,222),
(753,408),
(161,593),
(670,855),
(358,228),
(314,369),
(367,745),
(43,700),
(37,341),
(210,877),
(668,250),
(124,534),
(212,378),
(121,806),
(562,569),
(410,279),
(310,59),
(159,702),
(297,490),
(30,729),
(755,658),
(54,781),
(894,598),
(661,364),
(188,549),
(790,757),
(624,803),
(438,158),
(6,835),
(260,757),
(886,613),
(247,552),
(494,503),
(328,835),
(763,605),
(848,182),
(176,300),
(553,590),
(687,583),
(887,14),
(501,87),
(29,173),
(648,647),
(29,890),
(302,402),
(351,732),
(510,354),
(760,388),
(267,661),
(833,264),
(40,807),
(74,267),
(586,685),
(570,92),
(583,514),
(149,336),
(423,510),
(517,846),
(778,464),
(560,639),
(514,170),
(464,16),
(151,580),
(815,343),
(759,430),
(494,334),
(857,268),
(863,540),
(581,497),
(844,420),
(115,540),
(868,596),
(641,553),
(507,244),
(746,841),
(492,73),
(829,46),
(754,299),
(450,745),
(853,84),
(276,874),
(532,722),
(648,604),
(519,553),
(648,849),
(683,527),
(147,488),
(54,262),
(742,308),
(88,689),
(794,594),
(481,368),
(812,594),
(223,547),
(110,50),
(114,319),
(147,53),
(442,758),
(188,478),
(625,400),
(777,603),
(545,287),
(221,710),
(231,150),
(680,758),
(30,75),
(477,586),
(441,68),
(315,705),
(675,652),
(299,712),
(366,724),
(167,94),
(888,641),
(125,464),
(656,303),
(815,821),
(109,572),
(672,158),
(693,632),
(203,246),
(408,630),
(718,648),
(768,453),
(472,119),
(554,835),
(577,617),
(60,252),
(445,888),
(299,209),
(281,123),
(505,121),
(344,685),
(255,858),
(48,728),
(757,389),
(845,540),
(50,795),
(844,520),
(837,706),
(422,755),
(513,201),
(763,110),
(209,868),
(30,72),
(662,19),
(842,584),
(618,834),
(416,46),
(19,670),
(169,121),
(287,656),
(729,770),
(343,305),
(480,847),
(463,556),
(14,885),
(235,218),
(154,247),
(121,490),
(487,750),
(78,600),
(61,872),
(173,127),
(101,591),
(849,285),
(162,674),
(344,366),
(489,895),
(500,132),
(350,334),
(360,119),
(839,268),
(678,573),
(46,486),
(568,818),
(113,585),
(303,713),
(597,629),
(284,541),
(148,322),
(492,477),
(303,264),
(565,756),
(734,432),
(872,131),
(859,536),
(479,803),
(899,285),
(315,383),
(787,578),
(255,669),
(360,700),
(519,614),
(309,8),
(546,214),
(803,850),
(330,728),
(705,344),
(606,307),
(65,555),
(523,10),
(26,175),
(478,764),
(309,878),
(789,749),
(862,536),
(176,303),
(201,307),
(452,549),
(546,5),
(404,619),
(183,337),
(94,736),
(107,875),
(246,474),
(773,50),
(730,584),
(466,521),
(817,251),
(644,42),
(811,22),
(708,323),
(583,767),
(765,256),
(312,187),
(578,589),
(110,493),
(729,586),
(498,646),
(124,630),
(878,796),
(892,346),
(330,642),
(388,333),
(21,175),
(144,388),
(143,860),
(717,193),
(374,254),
(667,131),
(657,703),
(128,151),
(488,432),
(261,377),
(700,315),
(478,92),
(306,69),
(894,762),
(695,249),
(208,829),
(316,523),
(488,610),
(278,309),
(114,868),
(578,6),
(144,41),
(628,74),
(550,153),
(564,438),
(883,194),
(603,24),
(681,898),
(575,616),
(759,227),
(174,513),
(749,57),
(386,854),
(662,795),
(332,821),
(886,552),
(660,587),
(181,353),
(464,837),
(282,242),
(365,185),
(62,721),
(339,436),
(123,833),
(638,792),
(29,757),
(113,636),
(285,403),
(527,336),
(542,597),
(313,1),
(350,848),
(108,816),
(720,505),
(674,184),
(217,829),
(97,56),
(813,22),
(498,630),
(344,244),
(891,533),
(170,107),
(292,45),
(630,597),
(735,362),
(835,385),
(641,514),
(725,746),
(795,887),
(561,604),
(320,262),
(100,464),
(778,611),
(350,21),
(844,393),
(143,799),
(482,563),
(349,457),
(551,633),
(553,282),
(170,190),
(411,120),
(300,172),
(180,814),
(223,345),
(703,166),
(765,699),
(641,193),
(771,756),
(606,160),
(191,92),
(39,604),
(191,495),
(165,104),
(624,426),
(818,353),
(815,722),
(828,98),
(106,247),
(301,147),
(703,546),
(264,805),
(570,423),
(442,566),
(730,636),
(710,811),
(715,472),
(81,860),
(395,624),
(495,195),
(586,447),
(288,788),
(226,95),
(709,132),
(121,207),
(401,853),
(333,352),
(242,288),
(734,10),
(875,167),
(484,164),
(54,855),
(274,859),
(645,897),
(76,332),
(252,289),
(121,546),
(465,77),
(604,408),
(473,203),
(61,621),
(877,687),
(255,505),
(198,749),
(439,225),
(736,198),
(284,192),
(813,154),
(490,219),
(453,135),
(480,613),
(122,767),
(297,765),
(263,22),
(618,858),
(308,372),
(709,508),
(835,478),
(377,462),
(625,35),
(364,278),
(529,10),
(150,728),
(803,339),
(364,302),
(846,310),
(32,278),
(544,847),
(433,322),
(751,378),
(231,72),
(596,42),
(654,241),
(845,291),
(674,753),
(654,884),
(218,812),
(601,823),
(530,242),
(624,175),
(883,894),
(95,249),
(853,295),
(205,684),
(689,152),
(142,104),
(591,438),
(838,22),
(504,347),
(75,289),
(77,290),
(895,856),
(14,261),
(392,649),
(527,616),
(820,710),
(610,662),
(563,865),
(623,268),
(73,713),
(174,790),
(698,682),
(799,343),
(742,549),
(172,614),
(335,26),
(408,195),
(158,538),
(16,617),
(274,335),
(838,333),
(579,150),
(110,796),
(818,77),
(332,782),
(764,259),
(36,596),
(805,522),
(86,839),
(684,448),
(57,493),
(182,822),
(368,227),
(896,347),
(439,308),
(406,168),
(85,361),
(171,304),
(709,498),
(416,307),
(697,165),
(689,260),
(200,57),
(462,490),
(507,56),
(172,138),
(852,729),
(773,250),
(645,837),
(738,405),
(413,178),
(121,273),
(138,760),
(43,244),
(601,493),
(473,279),
(566,327),
(683,434),
(77,755),
(625,542),
(751,592),
(426,490),
(492,11),
(849,475),
(234,462),
(662,266),
(210,51),
(536,90),
(447,363),
(677,777),
(214,637),
(490,387),
(308,523),
(530,51),
(54,866),
(776,748),
(610,90),
(74,26),
(522,355),
(92,78),
(538,561),
(736,245),
(131,695),
(506,149),
(768,746),
(441,606),
(116,482),
(367,371),
(204,834),
(684,412),
(824,191),
(696,161),
(655,353),
(292,220),
(333,787),
(677,73),
(713,65),
(535,296),
(133,795),
(189,277),
(535,765),
(287,344),
(881,795),
(36,765),
(712,571),
(278,644),
(660,799),
(242,202),
(411,388),
(851,224),
(560,187),
(736,431),
(804,311),
(597,639),
(755,55),
(147,828),
(236,666),
(65,138),
(791,808),
(559,189),
(517,583),
(193,607),
(430,131),
(344,66),
(480,797),
(505,80),
(97,875),
(521,518),
(134,741),
(467,562),
(336,546),
(636,833),
(389,219),
(190,388),
(152,372),
(759,214),
(273,89),
(818,852),
(218,554),
(858,352),
(195,587),
(230,268),
(48,539),
(454,787),
(360,494),
(547,110),
(289,443),
(691,75),
(761,544),
(185,540),
(804,863),
(660,678),
(154,388),
(386,244),
(222,838),
(805,251),
(357,627),
(776,717),
(75,501),
(659,702),
(83,160),
(246,890),
(113,670),
(605,836),
(291,335),
(791,109),
(822,538),
(742,610),
(457,889),
(666,682),
(731,809),
(137,884),
(33,309),
(556,465),
(59,481),
(800,854),
(685,146),
(273,893),
(447,796),
(338,132),
(194,532),
(22,397),
(766,833),
(181,862),
(825,310),
(547,150),
(452,308),
(703,468),
(276,757),
(346,772),
(705,761),
(783,329),
(363,353),
(205,318),
(89,743),
(675,87),
(282,661),
(315,317),
(611,364),
(131,485),
(294,727),
(685,240),
(650,785),
(65,659),
(630,770),
(714,648),
(166,69),
(252,821),
(425,77),
(209,120),
(98,782),
(37,38),
(228,728),
(339,516),
(321,40),
(788,577),
(177,3),
(422,625),
(561,714),
(757,86),
(279,345),
(888,58),
(838,609),
(389,290),
(284,755),
(64,375),
(219,170),
(595,394),
(508,650),
(623,899),
(237,634),
(283,70),
(844,184),
(718,538),
(796,607),
(747,576),
(412,44),
(52,777),
(387,524),
(531,192),
(689,646),
(539,409),
(653,532),
(896,800),
(637,840),
(758,297),
(346,644),
(14,20),
(600,894),
(240,469),
(746,231),
(323,527),
(777,72),
(380,889),
(369,703),
(104,842),
(261,414),
(525,716),
(335,286),
(253,445),
(553,766),
(312,600),
(872,137),
(869,681),
(185,83),
(158,542),
(730,83),
(257,346),
(319,882),
(658,768),
(797,394),
(109,405),
(432,118),
(580,220),
(455,671),
(880,97),
(383,469),
(401,735),
(878,3),
(57,218),
(138,469),
(423,246),
(270,24),
(826,392),
(487,890),
(737,7),
(555,492),
(532,641),
(896,183),
(522,447),
(894,465),
(613,36),
(292,190),
(274,841),
(193,538),
(74,527),
(212,607),
(188,783),
(734,189),
(752,285),
(328,137),
(808,341),
(292,68),
(137,561),
(472,782),
(161,414),
(321,685),
(5,829),
(746,347),
(670,178),
(751,336),
(56,636),
(362,861),
(4,538),
(268,653),
(485,654),
(559,399),
(33,245),
(148,691),
(524,838),
(814,251),
(317,488),
(386,516),
(390,59),
(61,83),
(66,792),
(812,804),
(870,294),
(849,718),
(42,68),
(236,240),
(392,495),
(761,826),
(368,304),
(501,792),
(766,72),
(28,369),
(117,839),
(557,56),
(83,37),
(306,843),
(871,416),
(867,199),
(792,626),
(802,530),
(153,362),
(799,188),
(190,317),
(580,82),
(90,656),
(869,533),
(227,882),
(655,210),
(724,604),
(376,735),
(818,191),
(739,387),
(217,709),
(594,94),
(425,266),
(882,193),
(79,657),
(250,536),
(127,495),
(726,422),
(116,70),
(227,669),
(102,633),
(618,393),
(2,495),
(301,186),
(627,540),
(694,273),
(763,298),
(580,334),
(184,839),
(448,518),
(856,841),
(410,465),
(849,565),
(211,729),
(752,566),
(481,272),
(822,506),
(264,62),
(408,295),
(536,880),
(187,842),
(426,710),
(862,388),
(214,478),
(400,106),
(395,847),
(574,571),
(488,586),
(44,450),
(647,215),
(303,858),
(729,37),
(323,301),
(811,830),
(440,472),
(80,754),
(732,859),
(304,155),
(808,766),
(24,615),
(892,523),
(304,576),
(580,342),
(598,172),
(100,759),
(182,331),
(287,144),
(257,256),
(447,532),
(235,758),
(352,899),
(383,194),
(525,748),
(513,824),
(67,272),
(514,783),
(124,809),
(894,842),
(828,521),
(224,473),
(121,755),
(807,520),
(785,466),
(647,450),
(797,67),
(182,500),
(26,387),
(14,538),
(1,62),
(393,544),
(892,86),
(325,380),
(867,103),
(183,274),
(523,668),
(419,885),
(505,808),
(502,586),
(206,45),
(319,812),
(374,853),
(861,443),
(322,854),
(287,788),
(763,814),
(392,686),
(212,855),
(827,369),
(832,10),
(127,167),
(500,153),
(740,543),
(359,125),
(326,410),
(180,416),
(799,608),
(861,395),
(489,627),
(899,28),
(359,600),
(660,532),
(86,780),
(566,528),
(89,368),
(682,794),
(740,48),
(140,149),
(393,2),
(645,398),
(722,353),
(531,442),
(263,630),
(319,812),
(343,643),
(101,747),
(189,851),
(5,768),
(8,639),
(256,790),
(623,706),
(870,456),
(837,453),
(15,810),
(881,771),
(673,363),
(109,735),
(128,695),
(821,1),
(781,103),
(347,662),
(95,103),
(561,624),
(23,527),
(766,227),
(578,805),
(744,454),
(499,688),
(745,572),
(371,409),
(321,336),
(183,341),
(496,398),
(757,889),
(399,181),
(78,591),
(136,863),
(868,593),
(1,585),
(639,75),
(466,674),
(348,785),
(3,228),
(634,141),
(849,547),
(653,715),
(6,387),
(157,444),
(14,199),
(764,708),
(425,608),
(342,501),
(595,71),
(896,100),
(173,42),
(98,1),
(537,435),
(252,720),
(798,239),
(136,473),
(552,698),
(109,377),
(808,362),
(421,174),
(882,888),
(734,208),
(259,417),
(835,317),
(597,593),
(573,198),
(398,67),
(507,410),
(296,728),
(741,126),
(900,333),
(843,786),
(103,594),
(647,641),
(796,591),
(159,786),
(569,282),
(766,659),
(519,808),
(161,20),
(625,569),
(217,875),
(524,32),
(294,802),
(608,528),
(593,94),
(896,130),
(195,479),
(864,301),
(334,652),
(173,440),
(531,257),
(532,91),
(892,464),
(763,617),
(329,846),
(27,888),
(168,578),
(4,520),
(270,223),
(30,330),
(626,316),
(332,419),
(80,524),
(503,841),
(596,112),
(316,426),
(878,371),
(484,228),
(490,334),
(422,704),
(282,177),
(377,558),
(507,399),
(578,96),
(900,73),
(888,775),
(274,71),
(852,216),
(719,63),
(728,772),
(201,626),
(804,676),
(800,564),
(672,750),
(81,439),
(491,702),
(242,32),
(545,637),
(439,677),
(630,714),
(801,363),
(209,282),
(579,731),
(234,519),
(268,226),
(270,351),
(21,678),
(515,796),
(579,168),
(674,486),
(75,690),
(367,450),
(472,47),
(341,126),
(710,880),
(180,22),
(101,473),
(180,515),
(68,888),
(891,270),
(54,694),
(717,401),
(830,136),
(693,631),
(230,486),
(32,677),
(589,564),
(496,146),
(648,797),
(703,86),
(662,2),
(450,590),
(191,619),
(217,291),
(17,211),
(394,719),
(652,607),
(638,811),
(413,176),
(387,271),
(563,282),
(865,152),
(409,276),
(275,52),
(181,158),
(826,368),
(881,255),
(514,721),
(472,125),
(43,403),
(662,157),
(515,658),
(124,516),
(410,417),
(349,54),
(313,384),
(655,80),
(809,308),
(198,221),
(345,252),
(39,283),
(625,547),
(535,403),
(324,817),
(173,373),
(373,801),
(362,173),
(494,172),
(231,200),
(121,467),
(361,332),
(82,851),
(313,512),
(113,208),
(268,265),
(515,299),
(35,196),
(743,227),
(211,824),
(714,650),
(297,418),
(628,887),
(169,55),
(265,31),
(421,247),
(504,708),
(668,676),
(357,263),
(312,709),
(597,636),
(2,172),
(520,143),
(207,58),
(692,202),
(114,85),
(532,477),
(403,621),
(684,561),
(243,639),
(283,798),
(698,877),
(225,263),
(293,587),
(249,858),
(172,876),
(782,75),
(860,438),
(771,133),
(721,56),
(191,654),
(407,19),
(880,150),
(709,358),
(849,595),
(795,46),
(540,334),
(802,69),
(377,631),
(103,717),
(655,233),
(360,666),
(770,837),
(331,620),
(3,890),
(585,247),
(762,578),
(209,389),
(50,132),
(720,125),
(593,668),
(691,537),
(518,299),
(477,576),
(489,670),
(600,57),
(561,308),
(174,536),
(362,878),
(631,460),
(776,749),
(114,520),
(897,813),
(846,890),
(745,699),
(655,413),
(24,292),
(878,240),
(260,876),
(518,17),
(666,268),
(880,537),
(306,310),
(9,517),
(534,169),
(156,255),
(305,533),
(91,403),
(860,343),
(559,202),
(429,890),
(742,56),
(222,63),
(326,132),
(17,113),
(776,386),
(823,746),
(674,152),
(378,449),
(640,146),
(642,747),
(513,23),
(485,196),
(50,280),
(804,500),
(520,14),
(407,218),
(161,605),
(38,180),
(663,62),
(175,640),
(551,751),
(618,551),
(788,420),
(565,533),
(605,192),
(98,626),
(234,805),
(489,250),
(870,87),
(129,530),
(436,784),
(480,116),
(62,532),
(333,854),
(218,888),
(389,105),
(385,824),
(832,568),
(792,857),
(375,189),
(264,575),
(336,605),
(247,114),
(335,383),
(28,780),
(799,640),
(753,107),
(152,551),
(770,834),
(126,880),
(444,862),
(399,214),
(588,425),
(860,507),
(798,813),
(502,550),
(269,454),
(437,417),
(333,721),
(673,391),
(782,409),
(693,286),
(623,724),
(143,787),
(782,62),
(812,549),
(708,529),
(288,551),
(546,138),
(804,410),
(102,605),
(144,89),
(350,520),
(705,155),
(724,344),
(451,474),
(204,833),
(97,478),
(2,366),
(61,633),
(878,327),
(829,477),
(559,770),
(478,592),
(792,772),
(139,127),
(431,886),
(173,61),
(499,81),
(558,191),
(526,103),
(674,33),
(299,467),
(412,676),
(359,789),
(264,701),
(682,888),
(695,768),
(892,449),
(893,355),
(240,633),
(96,133),
(409,196),
(687,119),
(266,477),
(425,588),
(548,328),
(192,170),
(656,785),
(888,693),
(714,886),
(138,635),
(830,300),
(482,285),
(193,203),
(278,358),
(789,665),
(10,889),
(477,610),
(271,572),
(338,803),
(712,719),
(612,861),
(514,773),
(355,814),
(226,165),
(862,253),
(149,325),
(294,654),
(169,472),
(180,251),
(504,611),
(717,538),
(857,32),
(354,477),
(552,588),
(35,410),
(35,375),
(100,57),
(90,479),
(509,345),
(524,797),
(90,323),
(319,43),
(549,7),
(479,195),
(20,116),
(88,187),
(699,228),
(282,708),
(138,777),
(761,582),
(84,369),
(180,201),
(132,686),
(525,802),
(1,807),
(249,758),
(257,424),
(248,512),
(132,831),
(274,545),
(516,533),
(823,689),
(706,408),
(877,280),
(383,347),
(289,706),
(811,210),
(526,163),
(530,259),
(27,771),
(161,479),
(749,182),
(62,731),
(258,802),
(137,546),
(486,277),
(318,235),
(698,508),
(426,754),
(660,528),
(701,31),
(362,822),
(808,792),
(346,621),
(689,251),
(84,157),
(422,859),
(379,748),
(590,299),
(716,389),
(93,894),
(595,506),
(11,527),
(663,387),
(586,47),
(474,408),
(252,135),
(518,402),
(450,335),
(135,409),
(12,368),
(523,466),
(376,623),
(728,279),
(168,829),
(431,651),
(742,481),
(639,357),
(103,787),
(479,100),
(456,430),
(222,861),
(71,366),
(213,145),
(35,764),
(778,881),
(132,452),
(687,100),
(426,825),
(749,306),
(31,207),
(790,683),
(829,694),
(441,71),
(750,203),
(825,893),
(636,106),
(752,34),
(577,52),
(310,711),
(528,321),
(150,135),
(613,549),
(406,9),
(430,169),
(278,519),
(576,115),
(266,406),
(454,830),
(823,187),
(626,269),
(519,55),
(55,747),
(346,76),
(97,832),
(720,262),
(218,687),
(761,169),
(118,179),
(874,505),
(763,447),
(49,195),
(147,740),
(314,87),
(689,615),
(29,832),
(899,490),
(477,660),
(807,137),
(461,682),
(709,352),
(24,501),
(329,572),
(209,845),
(777,194),
(873,171),
(699,783),
(497,886),
(105,502),
(727,230),
(511,614),
(668,549),
(62,519),
(273,861),
(267,761),
(127,409),
(432,462),
(535,437),
(701,28),
(590,345),
(58,764),
(691,740),
(288,668),
(178,493),
(767,85),
(799,480),
(225,581),
(118,745),
(644,1),
(258,388),
(304,350),
(466,582),
(8,61),
(137,183),
(758,360),
(263,69),
(20,479),
(290,578),
(744,767),
(657,407),
(226,259),
(592,236),
(367,452),
(563,589),
(130,493),
(632,193),
(252,405),
(74,398),
(41,540),
(556,83),
(702,330),
(122,231),
(119,198),
(530,535),
(810,410),
(104,143),
(790,390),
(389,387),
(848,855),
(444,886),
(463,477),
(24,793),
(329,68),
(720,518),
(219,132),
(560,50),
(251,825),
(291,739),
(53,189),
(310,332),
(855,464),
(497,259),
(433,513),
(624,467),
(691,4),
(219,595),
(550,349),
(520,510),
(370,858),
(273,804),
(30,790),
(12,113),
(147,756),
(193,434),
(559,447),
(411,86),
(34,146),
(67,656),
(485,161),
(753,562),
(143,101),
(409,98),
(338,768),
(795,760),
(330,412),
(413,834),
(498,171),
(426,851),
(663,322),
(160,415),
(847,582),
(283,427),
(801,560),
(672,865),
(190,517),
(184,595),
(896,582),
(716,710),
(347,299),
(524,241),
(532,304),
(141,97),
(589,587),
(812,763),
(391,616),
(223,616),
(642,829),
(60,255),
(134,477),
(829,833),
(734,552),
(175,410),
(599,451),
(203,102),
(810,786),
(5,293),
(531,668),
(828,779),
(840,867),
(330,24),
(782,610),
(889,860),
(509,402),
(337,398),
(331,70),
(472,698),
(278,715),
(803,157),
(72,253),
(586,707),
(243,373),
(176,699),
(581,429),
(30,887),
(582,539),
(676,338),
(316,47),
(703,440),
(562,849),
(74,29),
(681,639),
(128,774),
(671,483),
(250,688),
(28,337),
(743,250),
(601,307),
(493,717),
(306,35),
(584,780),
(75,629),
(575,412),
(164,185),
(561,395),
(710,32),
(383,709),
(492,656),
(783,346),
(808,653),
(712,365),
(505,424),
(616,42),
(802,859),
(136,619),
(182,209),
(165,672),
(536,545),
(359,711),
(360,792),
(433,838),
(894,233),
(865,719),
(678,129),
(268,633),
(858,332),
(622,45),
(8,755),
(170,545),
(488,538),
(74,249),
(852,159),
(295,720),
(811,729),
(615,529),
(808,593),
(320,405),
(544,636),
(576,858),
(381,333),
(828,866),
(576,602),
(293,14),
(700,514),
(458,343),
(370,339),
(265,361),
(167,488),
(353,318),
(671,90),
(290,220),
(73,680),
(67,153),
(807,410),
(105,30),
(617,692),
(647,147),
(95,236),
(462,157),
(578,52),
(225,531),
(762,466),
(346,795),
(667,425),
(801,118),
(814,649),
(78,587),
(866,248),
(493,655),
(29,403),
(358,100),
(448,774),
(196,80),
(524,66),
(697,233),
(329,432),
(28,685),
(478,329),
(524,216),
(395,574),
(410,441),
(272,379),
(321,718),
(138,548),
(634,144),
(336,637),
(624,267),
(5,773),
(525,649),
(149,217),
(317,524),
(356,791),
(139,397),
(4,663),
(876,285),
(419,702),
(5,120),
(438,422),
(76,280),
(152,503),
(752,580),
(250,230),
(851,350),
(834,888),
(345,182),
(767,180),
(333,227),
(530,493),
(633,368),
(277,583),
(407,782),
(480,283),
(748,811),
(604,786),
(218,699),
(758,781),
(187,541),
(275,705),
(484,91),
(797,77),
(746,198),
(414,808),
(347,381),
(67,229),
(271,55),
(329,144),
(739,322),
(422,573),
(461,404),
(533,599),
(10,412),
(686,306),
(571,316),
(671,867),
(625,630),
(332,464),
(882,440),
(762,270),
(697,537),
(433,269),
(479,403),
(84,722),
(61,542),
(134,807),
(198,513),
(306,23),
(612,602),
(585,317),
(384,295),
(850,38),
(221,259),
(145,566),
(561,899),
(646,468),
(241,850),
(832,440),
(513,565),
(493,650),
(135,109),
(741,559),
(244,27),
(873,267),
(98,875),
(533,380),
(672,213),
(152,21),
(107,175),
(78,495),
(892,454),
(38,596),
(225,764),
(534,405),
(783,566),
(490,765),
(301,856),
(111,692),
(578,220),
(571,562),
(788,177),
(896,660),
(533,292),
(542,833),
(668,179),
(705,584),
(216,123),
(28,361),
(811,92),
(819,813),
(333,800),
(865,11),
(300,863),
(76,717),
(868,802),
(828,123),
(275,433),
(550,355),
(492,320),
(851,384),
(892,438),
(753,311),
(52,440),
(816,592),
(742,197),
(774,310),
(637,833),
(243,877),
(228,104),
(355,221),
(134,442),
(290,325),
(541,202),
(817,257),
(687,149),
(204,611),
(714,329),
(33,754),
(159,196),
(586,649),
(412,365),
(138,688),
(780,234),
(81,716),
(899,113),
(625,766),
(156,99),
(447,404),
(249,638),
(717,69),
(686,555),
(629,658),
(164,353),
(240,40),
(846,422),
(338,794),
(364,259),
(670,665),
(251,144),
(333,786),
(36,564),
(114,208),
(725,299),
(744,2),
(87,579),
(886,729),
(126,585),
(507,512),
(194,290),
(12,173),
(153,859),
(163,452),
(848,874),
(42,322),
(556,110),
(515,566),
(79,82),
(378,540),
(607,892),
(113,582),
(86,164),
(760,430),
(620,102),
(615,395),
(667,70),
(867,593),
(143,662),
(852,662),
(526,260),
(286,579),
(205,483),
(593,759),
(360,579),
(531,162),
(506,301),
(467,884),
(238,691),
(883,663),
(181,735),
(848,732),
(887,422),
(88,127),
(626,511),
(606,271),
(474,590),
(449,667),
(331,305),
(219,890),
(271,149),
(827,19),
(676,154),
(358,890),
(248,255),
(169,261),
(57,572),
(320,89),
(335,530),
(398,548),
(600,510),
(191,627),
(482,133),
(301,307),
(337,101),
(234,478),
(518,17),
(715,566),
(106,393),
(364,12),
(434,227),
(751,853),
(727,361),
(75,430),
(885,150),
(777,638),
(126,189),
(336,382),
(365,793),
(165,644),
(761,398),
(807,134),
(88,442),
(324,179),
(179,378),
(525,447),
(795,342),
(359,836),
(473,362),
(362,256),
(130,177),
(627,162),
(493,793),
(456,401),
(12,333),
(651,870),
(723,379),
(364,600),
(272,571),
(882,129),
(756,657),
(875,354),
(80,782),
(206,151),
(319,693),
(553,394),
(447,272),
(117,874),
(63,451),
(299,709),
(169,558),
(743,568),
(381,284),
(218,241),
(621,704),
(795,193),
(686,300),
(825,524),
(604,25),
(100,672),
(894,557),
(562,249),
(641,393),
(601,276),
(753,303),
(308,226),
(702,245),
(175,372),
(176,348),
(182,740),
(857,194),
(21,120),
(679,641),
(646,864),
(32,602),
(575,44),
(235,139),
(139,353),
(167,800),
(807,524),
(541,758),
(819,665),
(752,48),
(128,78),
(475,46),
(633,616),
(733,464),
(853,863),
(631,32),
(428,650),
(226,826),
(755,824),
(364,430),
(405,389),
(848,785),
(334,748),
(259,455),
(86,59),
(620,580),
(248,346),
(532,658),
(124,646),
(739,388),
(370,683),
(235,484),
(886,180),
(840,366),
(697,538),
(809,797),
(569,709),
(891,287),
(271,90),
(291,671),
(610,451),
(316,588),
(539,806),
(784,163),
(735,766),
(819,565),
(532,574),
(404,111),
(617,56),
(607,390),
(262,107),
(169,49),
(29,95),
(167,266),
(484,129),
(870,304),
(584,686),
(341,401),
(226,317),
(239,383),
(880,171),
(654,90),
(576,257),
(388,604),
(625,444),
(820,783),
(345,67),
(611,456),
(494,751),
(98,115),
(47,426),
(149,230),
(860,326),
(434,429),
(189,374),
(766,822),
(767,799),
(841,802),
(109,584),
(598,348),
(125,323),
(427,236),
(761,814),
(411,449),
(369,307),
(34,97),
(232,504),
(48,705),
(211,109),
(261,862),
(98,752),
(777,481),
(616,119),
(745,871),
(394,816),
(686,415),
(176,371),
(475,298),
(382,346),
(346,50),
(700,745),
(54,117),
(33,781),
(285,256),
(317,567),
(864,480),
(692,473),
(662,513),
(534,31),
(400,155),
(420,128),
(182,117),
(832,566),
(554,10),
(181,537),
(875,602),
(254,585),
(331,62),
(705,782),
(337,546),
(556,802),
(281,385),
(125,765),
(253,274),
(580,343),
(353,93),
(117,849),
(716,312),
(724,495),
(407,862),
(93,410),
(789,572),
(232,503),
(263,217),
(748,324),
(738,415),
(477,728),
(107,108),
(886,766),
(498,421),
(280,306),
(310,210),
(15,221),
(628,134),
(243,425),
(831,608),
(563,80),
(366,50),
(232,702),
(125,660),
(766,728),
(377,419),
(487,720),
(553,81),
(8,890),
(609,514),
(159,318),
(414,791),
(266,502),
(695,466),
(526,154),
(455,674),
(81,369),
(208,822),
(37,717),
(725,213),
(215,111),
(613,710),
(858,673),
(16,633),
(307,666),
(156,368),
(78,421),
(450,729),
(28,424),
(63,453),
(21,77),
(734,150),
(388,821),
(468,280),
(182,290),
(790,116),
(572,249),
(877,275),
(392,807),
(570,500),
(98,556),
(712,47),
(66,248),
(798,391),
(240,189),
(41,468),
(734,106),
(244,573),
(23,80),
(704,559),
(153,844),
(343,555),
(787,362),
(46,454),
(851,94),
(353,30),
(203,16),
(859,631),
(10,686),
(218,486),
(3,591),
(412,285),
(695,518),
(175,119),
(194,336),
(396,638),
(240,146),
(25,869),
(98,540),
(275,733),
(341,465),
(702,426),
(115,614),
(362,875),
(879,242),
(448,211),
(546,478),
(232,406),
(145,646),
(133,85),
(233,69),
(610,88),
(689,25),
(706,508),
(376,757),
(577,692),
(643,65),
(884,181),
(67,642),
(790,109),
(452,483),
(372,200),
(324,158),
(649,394),
(502,774),
(181,559),
(897,719),
(244,484),
(829,725),
(552,254),
(699,602),
(485,627),
(826,156),
(430,408),
(207,453),
(869,575),
(815,121),
(395,764),
(629,760),
(608,874),
(114,94),
(722,767),
(365,435),
(408,729),
(391,26),
(793,145),
(884,80),
(121,672),
(692,152),
(863,347),
(721,225),
(849,373),
(364,808),
(788,99),
(674,84),
(419,50),
(418,156),
(131,138),
(720,613),
(827,354),
(175,520),
(192,516),
(603,642),
(103,734),
(817,732),
(775,431),
(335,109),
(469,349),
(508,67),
(373,316),
(261,276),
(796,102),
(745,380),
(382,23),
(94,799),
(226,768),
(216,605),
(321,296),
(409,520),
(808,702),
(359,291),
(878,304),
(262,893),
(539,11),
(409,455),
(331,299),
(681,577),
(558,164),
(193,184),
(508,511),
(655,71),
(736,788),
(480,736),
(257,704),
(455,298),
(67,637),
(115,292),
(845,659),
(186,673),
(772,600),
(239,340),
(821,436),
(290,382),
(563,725),
(228,564),
(854,426),
(96,864),
(625,364),
(748,61),
(891,305),
(273,356),
(511,316),
(695,454),
(221,70),
(623,779),
(594,68),
(212,737),
(273,813),
(557,409),
(10,482),
(714,233),
(417,530),
(56,185),
(640,573),
(304,235),
(313,338),
(9,357),
(193,122),
(575,525),
(206,462),
(306,506),
(776,424),
(367,138),
(364,203),
(819,539),
(105,577),
(93,728),
(838,485),
(420,36),
(302,410),
(873,237),
(547,77),
(806,4),
(854,789),
(469,336),
(256,51),
(145,350),
(228,652),
(116,604),
(245,117),
(48,367),
(1,38),
(35,126),
(482,845),
(667,386),
(728,856),
(63,875),
(879,880),
(503,436),
(724,412),
(436,455),
(564,420),
(534,44),
(311,314),
(879,692),
(36,491),
(596,395),
(465,23),
(543,53),
(857,20),
(767,8),
(374,131),
(29,747),
(98,318),
(570,383),
(619,897),
(800,443),
(286,737),
(460,659),
(748,430),
(579,815),
(708,619),
(416,168),
(358,479),
(866,217),
(510,385),
(320,16),
(380,711),
(869,147),
(244,19),
(271,377),
(476,826),
(608,83),
(643,143),
(692,105),
(345,302),
(821,381),
(647,524),
(276,434),
(753,571),
(593,471),
(168,690),
(360,121),
(168,459),
(8,219),
(316,293),
(781,80),
(480,222),
(302,423),
(676,24),
(92,238),
(27,863),
(487,585),
(892,511),
(751,218),
(403,884),
(324,481),
(830,780),
(604,324),
(453,404),
(329,272),
(170,855),
(882,540),
(234,787),
(300,849),
(182,69),
(572,744),
(689,9),
(287,397),
(898,204),
(38,375),
(751,394),
(501,865),
(789,628),
(85,521),
(608,674),
(183,214),
(261,742),
(397,187),
(114,768),
(808,336),
(333,572),
(171,425),
(865,676),
(336,36),
(569,576),
(57,299),
(556,865),
(899,2),
(825,66),
(546,229),
(482,67),
(860,561),
(571,206),
(599,823),
(201,328),
(768,79),
(310,357),
(688,424),
(17,212),
(197,694),
(440,365),
(678,854),
(539,827),
(124,535),
(75,202),
(794,180),
(294,130),
(885,17),
(287,434),
(275,454),
(347,319),
(19,471),
(284,493),
(8,298),
(624,838),
(70,390),
(791,293),
(274,346),
(176,871),
(284,522),
(540,798),
(418,281),
(57,287),
(760,341),
(193,708),
(463,765),
(845,646),
(175,287),
(553,393),
(45,33),
(263,21),
(310,471),
(893,376),
(239,535),
(265,427),
(345,667),
(838,842),
(129,440),
(666,50),
(840,876),
(91,743),
(884,106),
(339,874),
(790,72),
(135,48),
(383,451),
(271,716),
(281,450),
(207,181),
(566,608),
(580,738),
(522,395),
(334,815),
(254,619),
(614,445),
(639,376),
(236,495),
(97,359),
(134,163),
(260,349),
(263,92),
(740,702),
(333,351),
(58,407),
(283,499),
(482,448),
(514,28),
(44,208),
(392,793),
(232,350),
(662,743),
(741,634),
(827,802),
(835,777),
(239,177),
(350,321),
(344,398),
(351,128),
(675,411),
(115,208),
(317,319),
(223,332),
(310,253),
(672,796),
(83,308),
(70,416),
(565,120),
(247,202),
(468,113),
(568,114),
(323,9),
(817,50),
(814,799),
(745,631),
(441,126),
(443,736),
(636,854),
(629,62),
(511,201),
(425,674),
(296,89),
(794,880),
(584,882),
(537,39),
(394,139),
(68,669),
(163,810),
(512,546),
(600,742),
(899,301),
(645,399),
(107,605),
(23,830),
(454,634),
(836,251),
(747,637),
(180,104),
(216,624),
(875,138),
(861,419),
(128,667),
(237,456),
(182,700),
(126,216),
(769,536),
(18,888),
(139,115),
(776,784),
(412,161),
(766,778),
(888,345),
(505,489),
(245,475),
(123,777),
(781,141),
(37,14),
(512,455),
(85,256),
(871,810),
(761,300),
(365,7),
(655,562),
(511,632),
(695,393),
(18,559),
(271,202),
(532,571),
(410,280),
(700,749),
(684,439),
(718,613),
(407,417),
(173,853),
(629,678),
(397,76),
(548,710),
(473,102),
(486,550),
(567,844),
(869,821),
(113,744),
(270,793),
(356,566),
(886,681),
(99,648),
(461,49),
(316,204),
(391,708),
(131,885),
(792,100),
(795,707),
(40,646),
(556,779),
(354,482),
(514,648),
(95,196),
(801,211),
(441,179),
(754,276),
(340,814),
(281,121),
(159,559),
(24,561),
(214,630),
(228,207),
(285,352),
(561,784),
(421,781),
(697,567),
(792,97),
(519,10),
(391,775),
(362,350),
(177,398),
(134,245),
(810,880),
(303,812),
(843,613),
(411,457),
(291,589),
(862,343),
(274,203),
(604,796),
(188,325),
(256,464),
(295,449),
(830,737),
(198,430),
(675,684),
(103,6),
(839,579),
(770,528),
(447,706),
(334,395),
(606,382),
(397,806),
(705,492),
(45,79),
(653,389),
(612,819),
(828,251),
(258,34),
(858,302),
(437,102),
(592,216),
(643,137),
(418,532),
(783,173),
(765,277),
(57,699),
(440,309),
(669,172),
(257,532),
(596,666),
(6,35),
(808,58),
(714,354),
(57,453),
(250,99),
(250,571),
(731,404),
(357,768),
(2,223),
(567,203),
(270,242),
(554,146),
(373,445),
(576,517),
(245,898),
(750,591),
(221,289),
(585,230),
(690,229),
(823,63),
(603,227),
(372,161),
(635,325),
(677,808),
(611,593),
(551,521),
(154,741),
(270,133),
(565,103),
(671,291),
(611,741),
(125,189),
(110,177),
(217,680),
(92,500),
(97,872),
(895,291),
(882,347),
(716,849),
(84,588),
(436,500),
(284,415),
(526,303),
(434,670),
(428,621),
(97,105),
(826,284),
(357,123),
(818,393),
(96,432),
(282,77),
(500,138),
(125,369),
(113,398),
(219,366),
(419,320),
(882,709),
(635,422),
(614,422),
(503,754),
(860,705),
(357,870),
(163,220),
(231,894),
(387,130),
(164,517),
(214,711),
(734,491),
(450,347),
(343,509),
(76,711),
(368,894),
(472,637),
(488,232),
(196,168),
(565,594),
(389,19),
(390,548),
(289,137),
(125,569),
(859,788),
(509,728),
(762,707),
(807,295),
(103,728),
(789,341),
(89,300),
(347,49),
(123,233),
(438,708),
(545,842),
(84,114),
(688,617),
(879,413),
(266,632),
(273,608),
(621,277),
(203,899),
(501,187),
(367,883),
(283,822),
(243,559),
(147,266),
(549,1),
(604,770),
(784,670),
(5,793),
(219,748),
(373,511),
(651,181),
(190,424),
(828,401),
(644,311),
(86,818),
(844,810),
(501,316),
(18,489),
(615,817),
(403,130),
(645,229),
(368,749),
(864,277),
(611,34),
(234,729),
(148,383),
(42,137),
(373,113),
(449,328),
(26,846),
(266,806),
(437,295),
(329,680),
(268,302),
(641,92),
(14,215),
(758,37),
(396,900),
(665,54),
(531,259),
(623,296),
(520,110),
(707,361),
(390,838),
(552,445),
(608,66),
(748,325),
(759,289),
(41,840),
(735,171),
(66,512),
(823,309),
(369,234),
(433,479),
(850,407),
(225,15),
(387,566),
(89,267),
(625,402),
(845,29),
(66,452),
(207,141),
(826,253),
(26,41),
(205,779),
(109,11),
(235,207),
(642,727),
(48,299),
(286,737),
(158,679),
(486,132),
(186,863),
(393,158),
(361,674),
(471,292),
(219,609),
(445,736),
(86,888),
(509,38),
(810,426),
(216,748),
(718,31),
(519,579),
(15,426),
(883,685),
(28,166),
(732,483),
(540,125),
(744,305),
(38,158),
(215,375),
(106,486),
(853,698),
(178,144),
(213,55),
(485,686),
(792,745),
(407,553),
(351,62),
(871,620),
(381,119),
(504,180),
(11,258),
(120,819),
(881,171),
(752,608),
(281,43),
(703,266),
(300,397),
(567,293),
(654,421),
(440,87),
(611,513),
(540,82),
(808,702),
(372,777),
(552,367),
(48,109),
(380,673),
(485,671),
(837,368),
(397,873),
(183,433),
(479,618),
(233,607),
(555,726),
(622,875),
(519,451),
(64,603),
(37,115),
(564,318),
(202,26),
(782,730),
(86,267),
(614,20),
(275,390),
(777,808),
(796,730),
(561,581),
(490,188),
(594,266),
(142,446),
(349,581),
(838,177),
(272,103),
(523,54),
(570,35),
(244,241),
(680,114);

/*Table structure for table `umr` */

DROP TABLE IF EXISTS `umr`;

CREATE TABLE `umr` (
  `id_umr` int NOT NULL AUTO_INCREMENT,
  `id_kota` int NOT NULL,
  `nilai_umr` int NOT NULL,
  PRIMARY KEY (`id_umr`)
) ENGINE=InnoDB AUTO_INCREMENT=91 DEFAULT CHARSET=utf8mb4 COLLATE=utf8mb4_0900_ai_ci;

/*Data for the table `umr` */

insert  into `umr`(`id_umr`,`id_kota`,`nilai_umr`) values 
(1,1,3800000),
(2,2,3600000),
(3,3,3500000),
(4,4,3700000),
(5,5,3400000),
(6,6,4000000),
(7,7,3800000),
(8,8,3700000),
(9,9,3900000),
(10,10,3600000),
(11,11,3500000),
(12,12,3800000),
(13,13,3700000),
(14,14,3900000),
(15,15,3800000),
(16,16,3600000),
(17,17,3700000),
(18,18,4000000),
(19,19,3500000),
(20,20,4100000),
(21,21,4000000),
(22,22,3800000),
(23,23,3600000),
(24,24,4000000),
(25,25,3900000),
(26,26,3700000),
(27,27,3600000),
(28,28,3700000),
(29,29,3900000),
(30,30,3800000),
(31,31,3800000),
(32,32,4000000),
(33,33,4100000),
(34,34,4200000),
(35,35,4300000),
(36,36,4400000),
(37,37,4500000),
(38,38,4600000),
(39,39,4100000),
(40,40,4200000),
(41,41,4300000),
(42,42,4400000),
(43,43,4500000),
(44,44,4000000),
(45,45,4100000),
(46,46,4200000),
(47,47,4300000),
(48,48,4400000),
(49,49,4300000),
(50,50,4400000),
(51,51,4500000),
(52,52,4600000),
(53,53,4700000),
(54,54,4800000),
(55,55,4600000),
(56,56,4700000),
(57,57,4800000),
(58,58,4900000),
(59,59,4700000),
(60,60,4800000),
(61,61,4600000),
(62,62,4700000),
(63,63,4500000),
(64,64,4600000),
(65,65,4700000),
(66,66,4700000),
(67,67,4800000),
(68,68,4600000),
(69,69,4700000),
(70,70,4800000),
(71,71,4800000),
(72,72,4900000),
(73,73,5000000),
(74,74,4700000),
(75,75,4600000),
(76,76,4700000),
(77,77,4500000),
(78,78,4700000),
(79,79,4800000),
(80,80,4600000),
(81,81,4700000),
(82,82,4600000),
(83,83,4700000),
(84,84,4800000),
(85,85,4800000),
(86,86,4900000),
(87,87,4700000),
(88,88,4800000),
(89,89,4900000),
(90,90,5000000);

/*!40101 SET SQL_MODE=@OLD_SQL_MODE */;
/*!40014 SET FOREIGN_KEY_CHECKS=@OLD_FOREIGN_KEY_CHECKS */;
/*!40014 SET UNIQUE_CHECKS=@OLD_UNIQUE_CHECKS */;
/*!40111 SET SQL_NOTES=@OLD_SQL_NOTES */;
